EmployeeID,Department,JobRole,YearsAtCompany,AvgWeeklyHours,ProjectsHandled,MeetingsPerWeek,PerformanceScore,TrainingHours,GoalCompletionRate,StressLevel,SleepQuality,WorkLifeBalance,EngagementScore,HealthLeaveDays,BurnoutRisk
1001,Marketing,"Brand Manager",9,39.0435,4,5,4,10.8421,77.0049,4.8,10,9.1,9.5,0.6,1
1002,Operations,"Operations Manager",12,45.4165,3,2,1,1.30731,67.643,3.6,10,10,10,1.7,0
1003,R&D,"R&D Scientist",9,45.3684,5,7,3,0,78.2796,3.4,10,10,10,4.6,0
1004,Sales,"Sales Manager",7,45.6386,3,6,2,8.31577,94.3817,2.6,9.7,10,10,2,0
1005,Operations,"Process Analyst",3,33.6831,4,11,2,10.8116,81.6524,1,10,10,10,3.8,0
1006,Finance,Accountant,3,50.6942,4,7,5,19.8038,80.1252,4.1,9.5,9,9.8,2,0
1007,Operations,"Process Analyst",3,36.5961,4,4,3,17.2068,96.3721,3,10,10,10,0.7,0
1008,Sales,"Sales Executive",5,37.3963,5,3,2,13.3644,65.6865,4.1,10,10,10,1.8,0
1009,HR,"HR Manager",6,45.8274,4,7,4,6.66093,67.144,1.4,10,9.1,10,2.9,0
1010,Finance,"Financial Analyst",5,40.2797,1,14,2,6.23532,63.8415,2.1,10,10,10,3,0
1011,HR,Recruiter,0,43.8496,4,2,2,13.5248,83.7265,3,10,10,8.9,0.7,0
1012,IT,"DevOps Engineer",11,30,3,8,2,16.1823,81.6649,2,10,10,10,1.5,0
1013,HR,"HR Manager",7,43.7059,3,8,5,14.3513,95.4274,3.2,10,10,9.3,0,0
1014,IT,"DevOps Engineer",12,43.307,3,11,2,5.79241,82.4348,3.2,8.9,10,10,2.1,0
1015,IT,"Software Engineer",9,38.9408,5,14,2,15.904,75.9584,3.4,10,10,8.9,2.9,0
1016,HR,Recruiter,14,30,3,8,5,14.5555,80.018,1.1,10,10,10,1.2,0
1017,Finance,Accountant,10,40.7232,5,13,3,5.576,81.1771,4.1,10,10,10,0.7,0
1018,Sales,"Sales Manager",12,41.7758,5,12,1,7.29407,63.2824,3.7,9.5,10,10,1.7,0
1019,Operations,"Operations Manager",6,39.7966,4,11,5,16.131,100,2.8,9.9,10,10,1.7,0
1020,Operations,"Operations Manager",5,30.983,1,2,5,10.593,85.1987,3.7,10,10,10,1.5,0
1021,Sales,"Sales Executive",5,51.5684,4,5,2,21.5349,82.1001,5.8,10,10,8.9,1.8,0
1022,R&D,"R&D Scientist",4,38.1668,4,14,2,15.0068,86.1516,3.9,10,8.8,9.5,1.2,0
1023,R&D,"Lab Engineer",5,40.6668,5,8,1,9.08021,87.0941,1,10,10,10,2.1,0
1024,IT,"Software Engineer",11,30,5,12,2,11.9388,78.5945,3.7,10,10,8.7,2.1,0
1025,IT,"DevOps Engineer",8,51.5691,3,10,4,12.3803,73.6876,5,10,10,9.4,0.5,0
1026,Finance,"Finance Manager",9,39.2007,3,6,2,7.62966,85.9945,5,9.3,10,10,0.5,0
1027,Marketing,"Marketing Executive",8,42.5908,4,14,2,6.52447,83.8571,4.6,10,10,9.1,1.2,0
1028,HR,"HR Manager",14,48.7244,2,3,4,16.2083,71.9011,5.6,9.4,9.6,10,2.3,0
1029,IT,"DevOps Engineer",9,37.9422,2,8,1,17.0716,94.1904,3.7,10,10,9.8,1.5,0
1030,Operations,"Logistics Coordinator",7,47.7795,3,11,4,15.6227,82.9335,5.2,9.9,9,10,0.9,0
1031,Finance,"Financial Analyst",9,30,2,2,5,21.0919,87.2982,4,9.9,9.6,10,1.7,0
1032,HR,"HR Executive",8,45.3059,3,8,4,8.74936,93.9192,3.9,10,10,10,1.1,0
1033,Finance,Accountant,12,51.4335,5,7,3,22.0456,80.2189,2.7,10,10,10,2.2,0
1034,HR,"HR Manager",9,38.5175,4,8,5,6.59447,83.1695,2.6,10,9.1,10,1.6,0
1035,HR,"HR Manager",7,48.7133,1,14,2,5.92389,88.1003,4.3,10,10,9.6,1.1,0
1036,Sales,"Sales Manager",7,53.0035,4,11,5,1.44025,72.7514,4.4,9.6,10,10,1.7,0
1037,IT,"Software Engineer",0,40.4709,3,4,1,9.32523,80.5405,1.9,10,10,10,2.5,0
1038,Finance,Accountant,9,39.9748,3,4,1,8.97767,81.2555,1.4,10,10,10,0.6,0
1039,Finance,"Financial Analyst",10,36.6102,4,8,4,15.1556,70.4394,2,10,10,10,1.6,0
1040,Sales,"Sales Rep",4,38.9416,3,14,5,13.4633,100,3.9,10,10,10,1.3,0
1041,Operations,"Logistics Coordinator",3,37.1078,2,3,2,4.84216,65.9271,4.4,10,9.8,9.8,1.9,0
1042,Operations,"Process Analyst",1,36.6053,2,2,1,9.64364,67.019,3.7,10,10,10,0.7,0
1043,R&D,"R&D Scientist",7,49.193,3,10,2,9.77123,93.1423,5.1,9.4,9.6,9.1,1.6,0
1044,IT,"Software Engineer",2,37.2604,3,10,3,1.34411,87.1327,2.8,10,9.5,10,2.4,0
1045,IT,"System Analyst",3,43.5511,2,8,1,6.11432,69.7403,1.8,10,10,10,0.2,0
1046,Marketing,"Marketing Executive",11,42.2294,3,8,4,7.37512,86.0729,2.8,10,10,10,0,0
1047,Sales,"Sales Executive",6,50.9886,3,4,3,20.6017,94.6785,3.9,10,10,9.5,0.1,0
1048,Operations,"Logistics Coordinator",9,38.9811,4,11,5,13.1487,79.6974,2.5,10,10,10,0.1,0
1049,HR,Recruiter,8,44.2869,1,3,2,15.973,100,3.6,10,10,9.9,2,0
1050,Finance,"Finance Manager",1,46.7464,2,12,1,3.00819,62.7594,4.1,10,9.6,8.5,0,0
1051,IT,"Software Engineer",2,50.9385,4,8,3,19.1653,86.9382,5,10,9.3,9,1.2,0
1052,Finance,"Financial Analyst",3,38.8935,1,10,3,19.8066,91.6653,2.8,10,10,9.2,1.9,0
1053,Finance,"Finance Manager",9,38.2926,3,2,1,0.0099302,88.9134,1,10,10,10,1.5,0
1054,Marketing,"Marketing Executive",0,35.6293,3,14,5,7.7681,77.9564,2.1,10,10,10,0.8,0
1055,Operations,"Process Analyst",6,55.4178,4,5,5,14.9746,77.0956,4.6,9.6,8.8,10,1.7,0
1056,IT,"DevOps Engineer",1,50.3068,3,7,4,15.8663,84.4415,5.3,9.7,9.4,10,1.6,0
1057,Finance,"Finance Manager",4,41.7468,5,8,5,7.92903,88.1575,2.8,9.3,10,10,1.1,0
1058,IT,"Software Engineer",14,53.5886,4,11,4,10.167,86.0247,4.9,10,10,10,1.3,0
1059,HR,"HR Manager",0,41.3888,1,8,3,8.41571,90.4006,3.5,9.6,10,9.8,3.6,0
1060,Marketing,"Marketing Executive",2,46.3465,4,11,1,12.6625,69.8113,3.9,10,10,10,2.2,0
1061,HR,"HR Manager",11,42.061,2,3,5,19.1831,77.7223,4.1,9.9,8.1,10,3.9,0
1062,IT,"System Analyst",1,44.3868,4,5,4,7.37375,70.5998,2.9,10,10,9.3,0.8,0
1063,R&D,"Lab Engineer",0,43.7506,3,6,3,18.0049,76.1389,2.9,10,10,10,1.2,0
1064,IT,"DevOps Engineer",6,39.4501,3,13,5,7.30997,90.1522,3,10,10,10,0,0
1065,Operations,"Logistics Coordinator",4,48.555,5,2,2,6.91424,81.0798,3.3,9.6,9.9,10,0.5,0
1066,Finance,"Finance Manager",0,46.2957,5,2,3,16.9116,100,4.3,9.6,8.4,10,3.3,0
1067,Finance,"Finance Manager",5,48.1662,5,11,5,17.5316,81.9341,3.2,10,10,10,0.8,0
1068,HR,"HR Executive",4,43.9214,1,4,3,17.1085,80.5969,3.7,10,9.8,10,3.3,0
1069,Marketing,"Brand Manager",14,36.5606,5,11,1,4.10522,81.0618,2.6,10,10,10,0,0
1070,R&D,"R&D Scientist",2,52.2563,1,4,1,9.20429,73.6219,4.5,9.3,10,8.6,0.4,0
1071,Sales,"Sales Executive",11,40.4247,5,13,1,16.9379,79.4216,2.6,10,10,10,0.9,0
1072,Finance,"Financial Analyst",6,44.1844,1,9,2,12.2493,91.2779,3.2,10,10,10,1.3,0
1073,Operations,"Logistics Coordinator",10,45.8123,4,10,1,5.55784,81.1397,3.8,10,9.9,10,2.3,0
1074,HR,"HR Manager",9,44.1445,4,12,2,14.7499,72.0654,3.7,10,10,10,1.8,0
1075,HR,Recruiter,8,47.4925,3,13,1,7.71116,70.7492,3.9,10,10,10,1,0
1076,Sales,"Sales Rep",13,48.4403,1,2,3,22.7671,75.498,5.6,10,9.6,8.4,1.4,0
1077,Operations,"Logistics Coordinator",12,40.651,2,12,5,21.269,80.7386,2.1,10,10,10,0.9,0
1078,Marketing,"SEO Specialist",12,51.7528,3,3,5,15.6246,91.9359,4.2,10,8.8,10,0.5,0
1079,Operations,"Process Analyst",8,40.3986,4,11,1,20.166,66.5951,1.6,10,10,10,0.3,0
1080,Marketing,"SEO Specialist",13,44.0205,1,3,5,12.3887,76.8017,3.9,9.6,10,10,2.4,0
1081,Operations,"Logistics Coordinator",8,39.6739,5,5,1,16.5926,81.4431,1.9,10,10,10,0,0
1082,Operations,"Operations Manager",1,37.9592,2,3,1,20.8663,61.6629,2.7,9.3,10,10,2.9,0
1083,IT,"DevOps Engineer",2,48.2651,4,8,4,13.473,71.664,3.5,10,9.9,10,1,0
1084,HR,"HR Manager",6,60.7314,3,14,4,10.4689,73.2011,5.4,9.2,9.9,8.6,0.8,0
1085,Operations,"Logistics Coordinator",4,39.8294,1,10,4,1.77227,72.0403,2.6,10,10,10,2,0
1086,Sales,"Sales Rep",1,49.2919,2,8,2,11.5012,81.9189,3.5,10,10,10,2.8,0
1087,Operations,"Logistics Coordinator",2,40.0445,1,13,4,16.9405,78.3944,4.6,10,10,8.5,2.6,0
1088,Finance,"Finance Manager",9,41.9371,5,7,1,17.6738,74.4471,3.6,10,10,10,1.9,0
1089,HR,Recruiter,5,52.5455,3,11,3,15.0262,84.2796,3.7,10,8.9,10,2.5,0
1090,Finance,Accountant,12,35.5588,1,2,4,8.75221,97.2307,2.4,10,10,10,0,0
1091,HR,Recruiter,6,33.971,4,12,4,0.139071,96.3926,4,10,9.6,10,0.9,0
1092,Finance,"Financial Analyst",8,41.4768,3,11,3,9.02871,60.7723,3.1,10,10,10,0.4,0
1093,Operations,"Logistics Coordinator",0,45.9819,4,10,1,10.1739,85.7707,3.1,10,10,8.4,2.5,0
1094,Operations,"Logistics Coordinator",10,44.782,1,6,2,10.1224,78.2198,2.8,10,10,10,0.9,0
1095,IT,"DevOps Engineer",6,44.1641,3,12,4,15.7113,81.5516,2.9,10,10,10,2.1,0
1096,Sales,"Sales Executive",7,42.2048,4,6,3,23.9141,76.0172,2.9,10,10,10,1.8,0
1097,Finance,"Financial Analyst",11,46.7192,5,7,1,12.7412,81.1759,2.5,10,10,9,0.4,0
1098,Marketing,"SEO Specialist",13,30,5,10,5,10.6996,81.5141,1.2,10,10,10,0.5,0
1099,IT,"DevOps Engineer",2,37.4952,1,14,2,10.4447,74.2105,1.9,10,10,9.8,2.5,0
1100,Finance,Accountant,3,41.4383,3,9,3,12.7463,71.0363,3.8,7.6,9,8.3,0.6,0
1101,Finance,Accountant,9,46.2272,2,9,3,7.03024,75.513,3.2,10,9.8,10,1.4,0
1102,IT,"System Analyst",5,50.9386,3,9,3,12.7212,82.3426,3.9,10,10,9.5,0.6,0
1103,Operations,"Logistics Coordinator",9,36.6894,5,2,4,14.7049,85.99,4.2,10,9.5,10,1.1,1
1104,Finance,"Finance Manager",6,50.7425,4,2,5,13.2581,88.5335,5.4,9.7,8.6,9.7,1.5,0
1105,Operations,"Operations Manager",12,39.2846,2,9,2,14.7453,75.0581,2.7,10,10,10,0.5,0
1106,IT,"Software Engineer",13,41.2205,1,6,1,14.6025,82.8384,2.5,10,10,9.2,0.3,0
1107,Operations,"Process Analyst",3,45.4886,2,10,1,1.36862,89.625,2.7,10,10,10,1.6,0
1108,HR,Recruiter,7,40.7806,1,3,5,15.8212,91.656,4,10,10,10,0.6,0
1109,Marketing,"SEO Specialist",4,48.6607,2,10,3,7.97391,79.4117,3.9,10,10,9.4,0.6,1
1110,R&D,"Research Associate",0,39.5724,1,13,3,5.42496,77.7907,2.7,10,10,10,0.3,0
1111,Finance,"Finance Manager",3,39.6628,1,9,3,5.37329,81.9112,2.2,9.3,10,10,1.1,0
1112,Sales,"Sales Manager",2,48.3119,2,10,3,14.6012,68.5029,3.2,10,10,10,2.3,0
1113,Marketing,"SEO Specialist",8,37.4213,2,5,3,10.6646,78.0639,3.2,10,10,10,2.8,0
1114,R&D,"Lab Engineer",7,43.4936,1,2,5,1.90819,87.4459,2.2,10,10,10,0.5,0
1115,Operations,"Operations Manager",0,32.0371,5,2,4,14.8682,86.4195,3.3,10,8.9,10,3.5,0
1116,Finance,Accountant,10,52.9178,2,6,2,3.36235,77.2973,3.9,10,10,10,0.4,0
1117,Operations,"Operations Manager",5,49.2393,3,3,3,12.8389,82.1772,3.9,9.7,8.9,10,2.5,0
1118,HR,Recruiter,8,58.5006,4,9,4,13.431,71.7535,3.7,10,10,10,0.6,0
1119,IT,"DevOps Engineer",6,50.0302,1,11,1,17.3135,87.0349,4.2,10,9.3,9.9,0.6,0
1120,Finance,"Financial Analyst",3,35.2221,1,12,5,22.6901,79.2218,2.2,10,10,10,0.5,0
1121,R&D,"Lab Engineer",12,46.0119,4,6,4,3.81194,77.2405,3.6,10,10,10,1.3,0
1122,R&D,"R&D Scientist",0,36.4919,5,6,3,11.6852,76.3828,4.3,9.6,10,10,2,0
1123,HR,Recruiter,11,51.4682,4,3,3,10.342,79.3711,4.4,10,10,9.9,2.1,0
1124,HR,Recruiter,1,35.3932,2,8,3,14.6025,75.5212,1.7,10,10,10,0.2,0
1125,Finance,"Finance Manager",11,35.1051,4,14,4,13.294,86.5814,1.8,10,10,10,0.2,0
1126,Operations,"Logistics Coordinator",4,32.3411,1,9,3,9.88472,76.0472,3,9.3,10,10,0.4,0
1127,Sales,"Sales Manager",11,39.0697,4,11,4,9.35459,95.9296,4.4,8.7,10,9.7,1.3,0
1128,R&D,"R&D Scientist",10,37.8631,3,14,3,5.30129,94.6521,3.2,10,9.7,10,1.1,0
1129,R&D,"Lab Engineer",4,34.4301,2,2,1,17.9272,71.0846,3.2,9.6,10,10,0.4,0
1130,HR,Recruiter,7,53.9389,4,3,1,14.7552,80.697,5.1,10,10,10,1.8,0
1131,Marketing,"Marketing Executive",5,45.1793,1,11,2,17.5066,73.4934,5,7.9,10,10,3.8,0
1132,HR,Recruiter,7,44.4734,2,5,3,10.1376,76.7335,1.6,10,10,9.6,0.7,0
1133,Sales,"Sales Manager",1,51.535,1,6,3,8.05899,100,4.9,10,9.8,9.7,1.1,0
1134,Operations,"Logistics Coordinator",2,43.5375,5,14,4,5.53011,76.9243,4.4,9.9,9.8,9.9,2,0
1135,Operations,"Process Analyst",5,37.5079,3,3,4,14.1535,83.6023,1.5,10,10,10,0.6,0
1136,Marketing,"Brand Manager",11,31.7987,5,2,3,5.76124,85.4132,1.4,10,9.6,10,1.8,0
1137,R&D,"Lab Engineer",12,37.1697,3,10,2,23.092,69.9937,1.9,10,10,10,0.5,0
1138,HR,Recruiter,9,51.0325,4,2,3,4.15414,71.449,3.5,10,10,10,3.2,0
1139,Operations,"Logistics Coordinator",2,34.468,2,14,4,13.642,67.9398,2,10,10,10,1.5,0
1140,Sales,"Sales Executive",5,44.1188,4,5,3,21.4011,71.1403,3.7,10,10,9.4,0.8,0
1141,Finance,"Finance Manager",5,48.2036,3,3,4,15.5945,51.4997,4.7,10,9.1,9.7,0.9,0
1142,IT,"System Analyst",1,43.7121,3,12,3,13.054,85.4458,4.5,10,10,10,0.9,0
1143,IT,"System Analyst",6,44.3939,3,5,5,6.1891,100,2.7,10,10,10,2.6,0
1144,IT,"DevOps Engineer",11,45.9336,1,9,4,3.70938,81.4782,2.7,8.3,10,10,0,0
1145,R&D,"Lab Engineer",1,44.2757,2,9,2,16.6203,65.8373,4.7,9.8,10,9.4,0.8,0
1146,HR,"HR Executive",5,51.6544,4,12,5,21.0369,73.5722,4.9,10,10,10,0.9,0
1147,Marketing,"SEO Specialist",0,35.7583,4,13,3,9.3669,75.4112,2.7,10,10,10,1.3,0
1148,Operations,"Operations Manager",2,43.4426,5,10,4,5.16563,69.8242,3.9,10,10,10,1.1,0
1149,Finance,Accountant,1,31.0906,3,14,5,0,88.6018,2.1,10,10,10,0,0
1150,Sales,"Sales Executive",6,30,3,12,2,6.11541,88.1026,2.6,10,9.5,10,0.9,0
1151,Finance,"Financial Analyst",13,41.51,3,13,4,11.3181,68.4455,2.8,10,10,10,1.2,0
1152,Sales,"Sales Executive",3,45.2603,4,6,5,21.5947,87.2508,3.9,9.5,9.9,10,0.8,0
1153,R&D,"Research Associate",7,51.784,5,8,5,16.0388,95.2681,2.9,10,10,10,2,0
1154,HR,Recruiter,5,56.5187,1,4,5,13.8305,99.0256,4,9.3,10,10,2.3,0
1155,IT,"Software Engineer",11,49.9192,2,11,1,9.59928,100,3.4,10,10,9.4,1.3,0
1156,HR,"HR Manager",9,46.363,1,5,3,8.50101,70.9801,3.4,9.3,9.5,9,1.6,0
1157,R&D,"R&D Scientist",3,42.9598,4,11,4,20.4339,100,2.5,10,10,10,0,0
1158,Marketing,"SEO Specialist",4,32.8126,3,10,4,13.2044,76.4579,1.7,10,10,10,0.8,0
1159,Marketing,"Brand Manager",12,41.1238,2,11,4,0,74.0753,1.6,10,10,10,2.2,0
1160,R&D,"R&D Scientist",12,49.7423,4,11,5,7.95876,83.2707,4.7,10,9.2,10,1,0
1161,Sales,"Sales Rep",14,47.3897,4,13,3,6.8507,74.1794,3.7,10,10,8.5,0.6,0
1162,Operations,"Logistics Coordinator",14,34.282,4,2,2,8.72242,83.9904,1,10,10,10,3.4,0
1163,Operations,"Logistics Coordinator",8,45.6842,2,3,4,15.3775,66.7992,2.7,10,10,10,3.1,0
1164,Sales,"Sales Manager",6,45.1704,2,6,3,11.3553,77.6125,4,10,10,8.7,1.9,0
1165,Marketing,"SEO Specialist",9,44.0993,5,4,3,11.5388,92.8558,2.9,10,9.3,10,2.4,0
1166,Marketing,"SEO Specialist",13,41.8329,5,3,1,19.8808,79.4294,2.5,10,10,9.4,0,0
1167,Marketing,"Marketing Executive",13,45.9935,1,2,4,7.82123,81.416,3.6,10,9.8,9.8,0.6,0
1168,HR,Recruiter,8,46.1839,2,11,5,23.1852,84.7526,4,10,10,10,0.9,0
1169,Marketing,"SEO Specialist",6,38.1512,2,4,3,7.97215,91.7066,1.6,10,10,10,0.9,1
1170,Finance,"Finance Manager",11,44.7301,2,2,3,12.5352,63.4478,4.1,10,10,9.2,0.9,0
1171,IT,"Software Engineer",0,40.8636,5,13,2,10.3128,85.8452,2.4,10,10,10,0,0
1172,Marketing,"Brand Manager",11,33.0766,4,2,1,12.7405,77.3186,2.3,9.7,10,10,1.6,0
1173,Sales,"Sales Executive",7,38.6304,3,13,3,14.6676,81.6664,2.9,10,10,10,1.8,0
1174,IT,"DevOps Engineer",3,32.6179,5,2,3,14.603,90.5995,1.8,10,10,10,2.8,0
1175,HR,Recruiter,2,47.8806,2,9,5,7.4813,68.0581,2.8,10,10,10,0.5,0
1176,Sales,"Sales Manager",13,44.1353,5,4,5,5.26251,69.8736,3.1,10,10,9.7,0.4,0
1177,IT,"System Analyst",12,39.8671,1,12,2,27.019,60.6457,4.7,10,10,9.4,0,0
1178,Sales,"Sales Rep",6,50.5231,2,2,2,9.09609,74.5084,2.8,10,10,9.8,1,0
1179,HR,"HR Executive",11,42.4079,1,8,2,16.1953,93.3043,5,9.6,9.1,10,2.4,0
1180,Finance,Accountant,2,33.4127,2,11,5,2.35415,78.7941,2.3,10,10,10,0.6,0
1181,HR,Recruiter,7,39.3631,5,4,5,10.3223,66.5987,3,10,10,10,3.4,0
1182,HR,"HR Executive",5,51.7971,4,9,1,11.2368,75.1432,3.2,10,10,10,1.1,0
1183,Sales,"Sales Executive",4,37.9831,3,5,4,14.8369,65.1214,2.2,10,10,8.5,1.4,0
1184,R&D,"R&D Scientist",3,43.6513,1,5,4,0,68.7481,3,10,10,10,0,0
1185,Operations,"Logistics Coordinator",7,46.4633,5,6,1,12.9968,83.8882,2.7,10,10,10,1.6,0
1186,Marketing,"Marketing Executive",7,45.5397,4,7,4,5.10155,68.2613,3.3,10,10,10,0,0
1187,Marketing,"SEO Specialist",11,56.6968,5,8,5,13.9461,91.1263,4.4,9.3,10,9.4,2.1,0
1188,Finance,Accountant,0,34.9422,1,5,4,5.78202,79.2888,4.4,10,9.7,9.4,2.2,0
1189,Finance,"Finance Manager",8,35.5412,3,9,5,6.8671,80.8559,1.5,10,10,10,2.5,0
1190,Marketing,"SEO Specialist",13,35.0415,5,14,1,10.3582,77.2163,2.8,10,10,10,0.3,0
1191,Operations,"Operations Manager",4,40.2245,2,7,2,5.68602,87.7285,3.5,10,9.9,10,1.5,0
1192,Marketing,"Marketing Executive",3,48.5963,4,2,1,9.14679,87.8316,2.9,10,9.3,10,1.9,0
1193,R&D,"R&D Scientist",5,35.8096,5,2,4,4.83975,83.3505,3.3,10,10,10,1.8,0
1194,Operations,"Operations Manager",5,48.6802,4,10,5,1.00098,85.6479,3.6,10,10,9.8,0.5,0
1195,Finance,"Financial Analyst",1,42.2108,2,11,4,18.1077,77.8791,1,10,10,10,0,0
1196,IT,"DevOps Engineer",7,35.346,3,7,4,4.22371,85.422,3.2,10,10,10,1.7,0
1197,Sales,"Sales Rep",6,31.4918,3,11,2,10.9279,76.6212,1.2,10,10,9.1,1,0
1198,R&D,"Lab Engineer",0,32.8346,2,9,4,16.5173,80.0223,1.3,10,10,10,0.6,0
1199,R&D,"R&D Scientist",4,38.0049,4,14,2,8.31034,77.2536,3.5,10,10,9.9,2.1,0
1200,Finance,"Finance Manager",11,40.9851,5,8,5,7.049,75.4278,3,10,10,10,1.3,0
1201,Finance,Accountant,5,50.0764,2,13,5,13.3574,73.1089,5.1,10,9.3,10,0.2,0
1202,HR,"HR Executive",3,46.7945,1,7,2,18.7076,84.6769,5,10,9.2,10,0,0
1203,R&D,"Lab Engineer",1,36.9664,4,5,1,4.98411,93.1061,2.1,10,10,10,0.1,0
1204,HR,Recruiter,12,44.452,3,8,5,11.0991,91.711,4.4,7.2,10,9.6,3.8,0
1205,HR,Recruiter,13,51.9093,2,10,1,1.60503,67.4343,3.5,10,10,8.5,2.1,0
1206,Sales,"Sales Rep",3,53.2435,3,12,5,9.64079,92.892,6.7,7.5,10,8.9,1.9,0
1207,HR,"HR Manager",0,40.1136,4,11,5,12.2052,76.8184,2.4,10,10,9.8,1.1,0
1208,Operations,"Operations Manager",6,47.7497,3,11,3,6.87225,86.0073,5,10,8.4,10,1.3,0
1209,Marketing,"Marketing Executive",1,50.3397,2,8,4,9.25805,70.9378,4.9,9.1,10,10,2.7,0
1210,IT,"System Analyst",12,32.9576,4,2,4,3.55064,81.4198,2.8,10,10,10,0.8,0
1211,Finance,"Finance Manager",1,38.9256,1,11,1,12.4625,83.1372,2.4,10,10,10,1.8,0
1212,Operations,"Operations Manager",8,55.3201,2,10,4,18.3342,65.154,4.5,10,8.7,10,1.1,0
1213,IT,"Software Engineer",4,40.1938,5,14,1,5.41714,86.0827,1,10,10,10,3,0
1214,R&D,"Research Associate",1,30,2,5,5,8.26397,93.4594,2.3,10,10,10,2,0
1215,R&D,"Lab Engineer",10,41.2742,4,4,3,15.0153,78.2535,3.5,10,9.5,8.9,2.6,0
1216,R&D,"Research Associate",8,48.7478,2,5,3,19.2725,93.6017,4.3,10,8.8,10,0.8,0
1217,Operations,"Operations Manager",8,42.0391,1,5,5,3.04086,78.1031,1,10,10,10,2.2,0
1218,Operations,"Process Analyst",0,46.2922,1,14,2,10.9873,88.4958,2.4,10,10,9.5,0.9,0
1219,Finance,"Financial Analyst",10,47.6293,5,11,2,13.6988,57.8143,3.1,9.2,10,9.7,1.4,0
1220,Marketing,"Brand Manager",2,39.8704,3,12,4,11.3877,100,3.6,10,10,9.6,3,0
1221,HR,Recruiter,3,38.8836,4,3,1,0,94.9546,3.2,10,9.6,10,0.3,0
1222,R&D,"R&D Scientist",13,42.9206,4,13,3,15.0065,77.1537,3.3,10,10,10,1.5,0
1223,Sales,"Sales Rep",6,43.0667,3,2,4,21.116,60.2791,3.9,10,10,10,1.8,0
1224,Marketing,"SEO Specialist",9,42.3245,1,13,5,12.7,82.8803,2.3,10,10,8.6,1.7,0
1225,Sales,"Sales Executive",3,42.5709,1,11,3,5.81336,65.5607,3.9,10,8.8,10,0.9,0
1226,Finance,"Financial Analyst",1,37.5087,2,13,1,8.92124,84.4485,3.2,9.8,10,10,3.4,0
1227,Finance,"Financial Analyst",6,46.5017,5,2,1,22.6195,84.1157,4.2,8.5,9.3,10,0.1,0
1228,Finance,"Finance Manager",5,45.5954,5,14,2,17.4598,70.586,3.5,10,10,9.8,2.8,0
1229,IT,"DevOps Engineer",2,33.984,5,9,4,15.8402,91.2097,4.3,10,10,10,2.6,0
1230,Sales,"Sales Executive",5,39.665,2,3,5,14.1385,88.0557,3.5,10,8.9,10,3.3,0
1231,Marketing,"Brand Manager",10,42.5585,5,13,3,8.03318,89.7582,2.4,10,10,10,0,0
1232,Marketing,"Marketing Executive",14,38.7941,3,11,1,10.7966,80.0886,3.3,10,9.6,10,0.5,0
1233,Operations,"Logistics Coordinator",5,45.8242,2,6,3,11.5325,65.8448,4.4,8.9,10,9.7,2.9,0
1234,Operations,"Logistics Coordinator",11,41.5987,3,13,5,15.2974,89.7787,2.6,10,10,10,0,0
1235,R&D,"Research Associate",4,43.0144,2,5,3,21.0535,77.2963,4.6,9.9,8.9,10,0,0
1236,Operations,"Operations Manager",3,39.5957,5,9,4,18.71,66.1022,3.4,9.9,9.5,10,0.9,0
1237,Finance,"Finance Manager",9,30.0407,3,3,2,3.48369,93.5204,1,10,10,10,1.3,0
1238,Marketing,"Brand Manager",11,30,3,11,3,13.344,100,2.4,10,10,10,2.8,0
1239,Sales,"Sales Executive",14,45.5377,3,10,2,16.4206,79.5875,3.2,9.1,10,10,1.1,0
1240,Finance,"Financial Analyst",0,43.6015,2,8,5,15.7132,100,4,10,10,10,0.8,1
1241,IT,"Software Engineer",9,44.632,4,14,2,8.2246,80.9131,4.4,9.2,9.5,8.6,1.8,0
1242,Operations,"Process Analyst",5,42.8068,5,8,3,29.4847,76.1954,3.5,10,10,10,1.8,0
1243,Finance,"Finance Manager",1,43.2874,3,2,3,4.33749,73.6954,5.1,9.3,10,9.8,2,0
1244,Finance,"Financial Analyst",12,47.8141,4,13,1,5.50087,96.3708,3.9,10,10,10,1.2,1
1245,IT,"System Analyst",2,44.6677,5,3,3,13.4016,72.1986,4.1,10,8.7,10,0,0
1246,HR,"HR Manager",13,48.2455,5,5,2,24.7008,87.3527,4.8,10,10,9.4,0.6,0
1247,Marketing,"Brand Manager",7,43.0288,3,5,1,6.98283,74.4084,3.3,9.3,9.5,10,2.7,0
1248,Sales,"Sales Executive",9,40.1977,3,12,3,10.405,75.3969,3.8,10,10,10,1.6,0
1249,R&D,"R&D Scientist",13,43.1652,2,4,3,18.4638,90.3025,2.9,10,10,10,1,0
1250,HR,"HR Manager",13,36.9829,4,8,5,11.8928,76.1996,2.3,10,10,9.8,2.4,0
1251,Operations,"Process Analyst",5,39.7209,4,13,1,9.99238,75.952,1.8,10,10,10,0.1,0
1252,Finance,Accountant,2,43.0654,3,9,5,15.3938,91.328,3.5,10,9.8,10,1.1,0
1253,IT,"System Analyst",6,42.9859,5,3,5,13.6351,95.974,3.7,8.8,10,10,1.5,0
1254,IT,"Software Engineer",3,41.3615,3,5,5,18.1826,86.4469,4.3,9.6,10,9.5,1,0
1255,Marketing,"Marketing Executive",13,33.6709,5,4,4,19.7488,73.4523,3.3,10,10,9.9,1.4,0
1256,HR,"HR Manager",8,45.8185,5,3,5,13.842,74.8939,3.3,9.3,10,10,1.1,0
1257,R&D,"Research Associate",14,47.0054,3,13,2,13.7504,80.7992,2.6,10,10,9.7,0,0
1258,Marketing,"SEO Specialist",4,51.8621,1,14,3,13.2847,83.2093,4.8,10,10,9.1,1.7,0
1259,Finance,"Financial Analyst",2,44.6507,4,7,4,14.9348,70.1213,4.7,9.6,9.8,10,0.1,0
1260,Marketing,"Marketing Executive",1,42.0088,5,14,5,12.331,87.2304,4.3,9.9,10,9.5,1.6,1
1261,Sales,"Sales Executive",10,35.9218,5,5,3,11.9963,80.8551,3.9,10,10,9.5,2.8,0
1262,IT,"System Analyst",1,50.9521,1,7,1,19.1798,62.8429,3.9,10,10,10,1.1,0
1263,IT,"Software Engineer",2,43.487,2,3,1,21.0967,70.7107,2.9,9.6,10,9.1,0.1,0
1264,Operations,"Logistics Coordinator",1,43.1602,1,13,3,2.95468,74.9587,2.7,10,10,9.7,1.1,0
1265,Operations,"Logistics Coordinator",13,40.4757,1,5,2,12.0601,79.2714,3.1,10,8.7,10,0.5,0
1266,R&D,"Research Associate",3,40.0922,5,12,3,7.86783,98.8928,3,10,10,10,1.9,0
1267,Finance,"Financial Analyst",1,46.1296,4,7,3,10.1342,82.3817,3.9,9.7,10,9.6,1.2,0
1268,Sales,"Sales Manager",9,35.8714,1,6,4,14.4151,71.5923,2.5,10,10,10,3,0
1269,HR,"HR Manager",8,51.7526,2,4,1,16.0166,82.2063,4.1,10,8.8,10,2.6,0
1270,Marketing,"Brand Manager",1,50.4452,3,9,1,11.3272,76.4791,3.5,10,10,10,1.2,0
1271,R&D,"Lab Engineer",8,39.8756,1,8,5,0.519958,83.2476,4.1,10,10,10,2.1,0
1272,Finance,"Financial Analyst",12,36.8168,1,4,3,6.20973,85.8057,2.9,10,10,10,0.9,0
1273,Operations,"Logistics Coordinator",5,30,2,7,3,17.379,92.0923,1.9,10,10,8.9,1.2,0
1274,Marketing,"Brand Manager",0,34.4915,4,5,2,0,79.7571,1.8,10,10,9.9,0.8,0
1275,Operations,"Process Analyst",3,46.3795,1,12,1,19.1246,96.3896,2.3,10,10,10,2,0
1276,Marketing,"SEO Specialist",14,43.8921,1,6,2,15.1274,89.0802,4.7,10,10,10,2.9,0
1277,HR,Recruiter,13,44.9619,4,12,4,19.8971,72.9256,4.2,9.9,9.8,9.3,2.2,0
1278,Finance,"Financial Analyst",0,30.9265,2,6,5,10.8086,100,1,10,10,10,2,0
1279,Marketing,"SEO Specialist",13,39.6251,1,8,2,0,83.2699,3.9,10,9.7,9.7,2.3,0
1280,Sales,"Sales Executive",5,50.2036,4,12,1,14.5822,71.6488,5,10,9.9,9.7,2.1,0
1281,R&D,"Research Associate",13,41.4238,1,6,4,19.6479,96.5291,3.3,9.7,8.4,10,0.2,0
1282,IT,"System Analyst",12,34.3662,3,12,3,17.5483,100,4.2,10,10,10,3.1,0
1283,Sales,"Sales Rep",3,41.3304,5,4,4,8.02385,79.6697,3.3,10,10,9.5,3.1,0
1284,Sales,"Sales Rep",2,37.3739,3,11,2,12.5206,74.9635,1.4,10,10,10,0.9,0
1285,R&D,"Research Associate",2,44.0021,1,6,1,8.80298,78.2763,3.9,9.7,10,9.9,1,0
1286,IT,"DevOps Engineer",8,42.1233,2,8,2,7.0844,87.1473,3.6,10,9.1,10,2,0
1287,Sales,"Sales Manager",5,45.2598,5,6,3,17.7323,92.7786,3.2,10,10,9.9,1.9,0
1288,Marketing,"Marketing Executive",8,34.6925,3,6,3,4.81481,85.7049,3.1,10,10,10,1.1,0
1289,Marketing,"Brand Manager",12,39.3077,4,10,1,6.6371,81.0172,1.3,10,10,10,0,0
1290,Marketing,"SEO Specialist",4,48.5426,2,4,5,5.37585,94.9801,4.9,8.4,9.1,10,1.8,1
1291,IT,"System Analyst",1,33.8743,3,14,4,3.05851,76.8716,1.6,10,10,9.8,1.7,0
1292,Sales,"Sales Manager",7,35.9813,4,7,4,12.8785,90.3092,1.8,10,10,10,1.9,0
1293,IT,"Software Engineer",4,43.1958,1,2,3,18.969,77.1194,3.5,10,10,7.6,1.7,0
1294,Marketing,"Brand Manager",1,43.7204,4,11,2,10.8907,84.3102,3.9,10,10,10,1.1,0
1295,R&D,"R&D Scientist",3,39.0669,3,6,2,2.96551,78.8644,3.1,10,10,10,2.3,0
1296,Sales,"Sales Rep",8,40.3294,3,9,5,17.0397,79.4415,2.4,10,10,10,1.3,0
1297,Sales,"Sales Rep",14,45.1994,1,6,2,22.1142,76.2261,3.1,10,9.3,10,0.8,0
1298,Operations,"Process Analyst",3,47.0978,4,10,4,8.12255,93.4485,2.6,10,10,10,1.1,0
1299,Operations,"Logistics Coordinator",12,35.5847,4,12,2,9.12867,72.6707,2.4,10,10,10,0,0
1300,HR,"HR Manager",11,44.1859,1,7,5,15.094,72.5977,4.6,9.7,10,10,1.3,0
1301,Finance,Accountant,11,51.0721,4,9,4,21.7312,100,4.2,10,10,10,2.1,0
1302,Operations,"Logistics Coordinator",11,41.3046,1,11,2,8.88099,89.7785,4,10,10,10,1.7,0
1303,IT,"DevOps Engineer",12,35.521,2,9,4,4.0053,56.1489,4,10,10,10,2.9,0
1304,Operations,"Process Analyst",14,35.2435,3,14,3,15.7885,74.3474,2,10,10,10,0.9,0
1305,HR,"HR Executive",13,41.0356,2,4,3,16.7944,61.8801,3,8.7,9,10,1.8,0
1306,Sales,"Sales Executive",3,48.2151,5,8,3,12.0368,70.4931,6,9.3,10,8.9,2.4,0
1307,HR,Recruiter,1,41.7555,5,8,2,8.6512,48.6149,4.7,10,10,10,3.8,0
1308,Sales,"Sales Rep",12,43.1354,5,11,5,17.9663,78.6301,1.7,10,10,10,1.3,0
1309,R&D,"Research Associate",11,36.0219,1,13,4,15.1682,68.5806,3,10,10,9.5,0.3,0
1310,R&D,"R&D Scientist",14,47.8987,4,7,1,7.38939,80.5991,3.9,10,10,10,2.2,0
1311,Sales,"Sales Manager",5,35.126,2,13,3,12.2946,63.7488,3.4,10,10,9.6,3.2,0
1312,Finance,"Financial Analyst",12,38.973,2,8,3,3.88975,80.8291,2.3,9,10,10,0.9,0
1313,Operations,"Operations Manager",10,45.7795,2,3,1,16.1153,75.8508,2.9,10,10,9.8,2.1,0
1314,IT,"System Analyst",13,30,2,10,1,10.4266,95.0195,1.4,10,10,10,2.4,0
1315,IT,"System Analyst",1,43.0438,5,11,2,9.38573,94.1136,2.8,10,10,10,2.3,0
1316,Marketing,"SEO Specialist",11,35.7656,2,11,4,11.8028,87.8535,3.4,10,10,10,1.5,0
1317,Sales,"Sales Manager",6,42.0993,4,2,3,12.2418,76.7339,2.1,10,10,10,0.5,0
1318,IT,"Software Engineer",2,39.8877,5,2,5,17.3696,99.8538,2.5,10,10,10,1.2,0
1319,Finance,Accountant,14,54.635,2,4,2,15.5465,64.4697,2.8,10,10,10,1.7,0
1320,Sales,"Sales Rep",2,39.6413,1,4,2,11.0615,65.9644,4.1,10,10,9.2,2.3,0
1321,Finance,"Finance Manager",4,53.0559,3,2,5,16.582,79.1622,5.6,9.5,9.4,10,1.9,0
1322,IT,"Software Engineer",2,45.5217,3,13,5,14.4044,100,3.4,9.7,10,10,1,0
1323,IT,"System Analyst",1,37.1912,3,8,5,9.4404,77.9766,2.5,10,10,10,1.8,0
1324,Marketing,"Marketing Executive",9,43.9849,5,5,1,11.2517,78.1675,4,8.3,10,10,2.3,0
1325,IT,"System Analyst",8,40.1735,2,11,3,11.1107,65.5809,4.6,10,10,10,1.8,0
1326,Sales,"Sales Executive",1,43.4529,5,14,1,15.0316,89.4593,3.8,10,8.9,10,0.5,0
1327,R&D,"Lab Engineer",13,37.7167,4,3,3,9.79786,89.5318,2.1,10,10,10,1,0
1328,Sales,"Sales Rep",10,52.1411,1,11,1,9.65755,87.8908,2.7,10,10,8.7,2.2,0
1329,Sales,"Sales Manager",1,47.5524,1,6,4,23.8125,73.7078,2.6,10,10,9.2,0,0
1330,Marketing,"Marketing Executive",12,42.1907,3,7,3,17.6384,72.9329,3.3,10,10,10,0,0
1331,Marketing,"SEO Specialist",14,52.3747,3,10,2,7.4364,67.0688,3.8,10,8.9,8.8,2.9,1
1332,IT,"Software Engineer",7,42.4457,3,5,3,15.4256,80.8387,3.5,9.2,10,10,1.9,0
1333,HR,"HR Executive",14,48.5858,2,3,3,12.7101,69.1959,3.4,10,10,10,1.9,0
1334,HR,"HR Executive",8,42.2298,4,6,3,14.3493,68.2258,2.4,10,10,9.8,0.2,0
1335,Marketing,"SEO Specialist",6,44.3633,4,4,4,12.824,75.7631,2.5,10,10,10,2,0
1336,IT,"DevOps Engineer",2,41.5114,4,3,1,19.1379,75.1084,4.9,9.4,10,10,1.8,0
1337,HR,"HR Executive",8,42.5718,4,13,2,14.0737,74.6202,4.2,10,10,10,0,0
1338,IT,"Software Engineer",2,43.0232,3,2,1,11.6275,84.6644,5,9.7,10,9.4,2.9,0
1339,IT,"DevOps Engineer",4,37.9816,1,11,1,18.2531,80.7905,3.4,10,10,10,1.5,0
1340,IT,"DevOps Engineer",8,39.5936,3,3,5,13.3997,77.1184,2.8,10,9.3,10,0.9,0
1341,Operations,"Logistics Coordinator",11,40.6995,4,7,4,12.7289,81.8301,4.5,10,9.3,9.5,1.1,0
1342,Sales,"Sales Executive",13,43.3783,3,9,5,13.8841,70.0847,3.3,10,10,10,0,0
1343,IT,"System Analyst",13,41.8165,4,14,4,11.4383,81.0528,3.5,10,8.2,10,1.9,0
1344,Operations,"Operations Manager",2,49.0382,5,4,1,12.0554,81.506,3.9,10,10,10,1.7,0
1345,Marketing,"SEO Specialist",6,47.0827,1,12,1,8.47983,64.9695,1,10,10,10,0.9,0
1346,HR,"HR Manager",11,40.822,5,10,4,7.493,89.9569,4.9,9.3,10,9.4,2.8,0
1347,Sales,"Sales Manager",0,50.2907,2,13,1,6.00858,71.1857,4.6,9.8,9.7,9.3,0.1,0
1348,R&D,"R&D Scientist",3,53.2381,3,10,1,3.6481,80.9031,4.7,10,10,10,0.9,0
1349,HR,"HR Executive",3,30,2,3,2,6.7217,91.6441,2,10,10,10,0.3,0
1350,Sales,"Sales Rep",6,47.5937,3,9,5,10.9544,89.2568,4.1,10,10,10,1.1,0
1351,R&D,"R&D Scientist",7,37.8421,5,11,5,12.6187,80.3433,2.3,10,10,10,1.3,0
1352,HR,Recruiter,0,46.8045,4,12,5,10.3722,76.375,4.4,10,10,10,1.9,0
1353,Sales,"Sales Manager",4,49.4294,4,13,3,0,89.4751,2.7,10,10,9.2,0.9,0
1354,HR,"HR Executive",6,36.738,3,6,2,21.4475,86.7469,2.9,10,10,10,0.4,0
1355,HR,"HR Manager",11,30.886,4,5,5,18.5189,73.8164,2.7,9.5,9.6,10,3,0
1356,R&D,"R&D Scientist",3,47.0126,5,11,5,14.6746,72.0511,3.7,10,10,10,3.8,0
1357,HR,"HR Executive",12,42.8124,4,6,2,23.4449,59.2764,3.9,10,10,10,1.5,0
1358,HR,Recruiter,3,31.9894,5,5,1,6.13582,81.5403,1.4,10,10,10,0.4,0
1359,R&D,"Lab Engineer",3,57.1774,2,9,5,23.3258,79.173,3.8,8.4,9.5,10,2.9,0
1360,Marketing,"Brand Manager",11,45.7465,5,5,1,6.20872,91.3619,3.9,9.6,9.7,10,0,0
1361,IT,"DevOps Engineer",5,46.0206,1,14,5,13.4324,83.5906,4.5,10,10,10,1.1,0
1362,Finance,"Finance Manager",6,50.1949,1,11,4,4.35698,93.3423,2.3,10,10,10,0.5,0
1363,Operations,"Operations Manager",1,38.5151,1,13,3,12.0882,73.0264,3.5,10,10,10,0.2,0
1364,Finance,"Financial Analyst",14,42.7827,3,14,5,14.317,91.3815,2.8,9.3,9.5,10,1,0
1365,Finance,"Financial Analyst",4,34.0841,3,7,4,11.0719,74.7108,2.3,10,10,9.7,0.4,0
1366,Sales,"Sales Manager",3,38.3523,3,3,2,16.2833,87.776,1.7,10,10,10,1.2,0
1367,IT,"System Analyst",14,44.314,5,6,4,12.5941,65.4124,2.6,10,10,10,1.3,0
1368,Sales,"Sales Manager",13,32.0083,3,7,2,8.86551,82.3514,3.2,9.6,10,10,0.7,0
1369,IT,"Software Engineer",12,38.1823,2,6,5,8.59912,60.1531,2.9,10,10,8.9,0.9,0
1370,R&D,"R&D Scientist",2,36.4324,1,13,2,16.8655,77.3286,2.5,10,10,10,1,0
1371,R&D,"Lab Engineer",6,42.8526,5,3,4,8.07755,84.4035,3.4,9.7,10,10,2.1,0
1372,IT,"Software Engineer",10,45.4482,1,8,3,17.4924,74.7903,4.1,10,10,8.8,1.3,0
1373,HR,"HR Manager",11,46.4529,3,5,1,19.3363,69.4956,4.3,10,10,10,2.3,0
1374,Marketing,"SEO Specialist",5,47.9929,5,9,1,1.98772,88.4612,4,10,9,9.8,2,0
1375,HR,"HR Executive",13,50.2327,4,8,3,18.7976,78.9654,5.1,10,10,10,2.1,0
1376,Marketing,"Brand Manager",6,45.6435,2,8,1,24.3625,75.1043,4.6,9.7,9.2,9.6,2.8,0
1377,Sales,"Sales Manager",4,53.324,3,10,5,13.512,80.419,4.8,10,8.7,9.6,0.4,0
1378,Marketing,"Marketing Executive",12,42.717,3,2,5,15.5945,100,3.4,10,10,9.6,0.9,0
1379,Sales,"Sales Executive",5,40.9601,2,11,4,18.222,91.535,4,10,9.5,10,3.2,0
1380,R&D,"R&D Scientist",4,45.6438,2,7,4,10.3471,91.6257,4,9.9,10,9.9,1.1,0
1381,Finance,"Financial Analyst",13,40.7015,4,7,2,13.0937,84.3555,4.2,9.9,10,9.5,0,0
1382,R&D,"R&D Scientist",6,53.1154,3,7,4,4.1148,81.6649,5.4,9.9,10,10,1.3,0
1383,R&D,"Lab Engineer",1,48.7859,3,14,5,12.8318,56.0392,2.9,10,10,9.2,1.4,0
1384,Finance,"Finance Manager",13,46.5017,1,13,4,14.9887,73.2102,2.6,10,10,10,0,0
1385,Marketing,"SEO Specialist",10,42.7885,5,7,1,15.097,75.1943,2.6,10,10,10,2.6,0
1386,Marketing,"SEO Specialist",4,39.5551,5,13,2,18.3925,61.2511,4.1,9.6,10,10,0.7,0
1387,Sales,"Sales Manager",5,46.208,1,11,2,7.35119,68.4258,2.1,10,9.4,10,1.5,0
1388,HR,"HR Executive",5,35.2374,5,8,5,8.80436,60.1916,3,10,10,10,1.1,0
1389,Sales,"Sales Manager",14,51.2062,2,11,4,23.373,79.6168,4.6,9.8,8.7,10,0.2,0
1390,HR,Recruiter,4,40.9342,5,7,1,11.098,88.1877,4.3,10,10,10,0.4,0
1391,R&D,"Lab Engineer",9,43.8306,5,2,4,13.2002,91.0677,3.6,10,10,10,0.4,0
1392,Finance,Accountant,6,36.5424,1,4,3,11.5979,84.1478,1.3,10,10,10,2.2,0
1393,R&D,"Research Associate",9,46.3379,4,3,4,7.06991,70.366,2.7,10,10,9.8,1.1,0
1394,IT,"DevOps Engineer",7,39.2775,5,7,5,21.7412,60.6793,1.8,10,10,10,0.7,0
1395,Marketing,"Brand Manager",6,45.8954,5,9,4,8.83379,62.4313,3.2,10,10,9.5,0.4,0
1396,HR,"HR Manager",4,46.5444,4,4,2,5.23629,67.3102,3.8,10,10,10,2.6,1
1397,Sales,"Sales Executive",0,38.1142,1,11,1,9.29556,71.1114,1.8,10,9.7,7.9,2.6,0
1398,Finance,"Financial Analyst",12,35.2588,4,9,5,0,78.4025,4.1,10,10,10,2.6,0
1399,HR,"HR Manager",4,51.1914,1,9,3,8.09228,69.8584,3,10,10,9.9,1.8,0
1400,Sales,"Sales Manager",9,40.8462,2,6,1,6.19123,83.3898,4.6,10,9.9,10,1.7,0
1401,Marketing,"Brand Manager",1,43.3491,1,9,1,15.7046,77.6773,4.6,10,10,10,0.2,0
1402,R&D,"Research Associate",12,44.9128,2,7,2,7.95951,80.1055,4.5,10,10,10,1.2,0
1403,Marketing,"Marketing Executive",4,34.4778,2,6,2,17.3268,91.4025,1.8,10,10,9.9,0.5,0
1404,Operations,"Operations Manager",4,44.776,1,10,2,20.3909,68.1977,3.9,9.1,9.6,10,0,0
1405,IT,"Software Engineer",1,42.5948,3,8,5,16.6871,84.187,2.1,10,10,10,2.3,0
1406,Operations,"Logistics Coordinator",4,38.1388,1,9,4,10.7077,79.8603,4,9.3,10,10,0.7,0
1407,Finance,Accountant,12,35.0608,5,2,1,12.8467,76.6651,2.5,10,9.6,10,2.4,0
1408,HR,"HR Manager",3,45.6353,5,12,4,2.85009,88.8526,3.2,8.3,10,10,2.2,0
1409,Finance,"Finance Manager",0,48.7663,3,3,4,11.1973,88.7901,2.8,10,9.7,10,1.8,0
1410,R&D,"Lab Engineer",2,43.0715,2,9,2,6.83737,70.5351,1,9,10,10,1.7,0
1411,Sales,"Sales Rep",0,33.3932,3,13,4,16.166,78.1784,1.5,10,9.7,9.6,0.5,0
1412,Marketing,"Marketing Executive",11,35.656,5,10,1,27.4365,82.8121,3.8,10,10,9.9,3.2,0
1413,Operations,"Process Analyst",10,39.4073,3,5,1,14.9989,77.2699,2.8,10,10,8.9,1.3,0
1414,Operations,"Process Analyst",14,51.3877,1,13,3,0.0531591,85.8502,4.1,10,9.5,9.6,1.7,0
1415,R&D,"Research Associate",4,40.5195,3,11,5,9.83262,82.8119,3.7,9.8,10,10,0.7,0
1416,Operations,"Process Analyst",3,39.1886,2,12,4,12.7349,98.3256,4.8,10,9.8,10,0.5,0
1417,R&D,"Lab Engineer",6,31.9591,1,11,5,12.5241,64.6972,3.7,10,10,10,1.8,0
1418,Finance,Accountant,4,38.0599,4,10,5,7.61512,78.7756,2,10,10,10,1.4,0
1419,Marketing,"Brand Manager",9,34.6024,5,5,5,13.4718,70.915,1,10,10,9.3,0.3,0
1420,HR,"HR Manager",13,35.9809,5,11,5,4.54499,86.0411,5.1,9,10,9.6,0.1,1
1421,Sales,"Sales Executive",3,42.7197,3,11,1,6.33055,63.8283,5.6,8.9,9.9,9.1,0.3,0
1422,HR,"HR Manager",1,39.593,1,11,4,15.8748,83.4631,3.1,10,10,9.9,2.5,0
1423,Finance,"Financial Analyst",3,52.197,4,10,3,5.90602,73.6995,3,10,10,10,0.7,0
1424,Sales,"Sales Manager",11,48.468,1,12,5,15.2293,72.6584,5,10,10,9.2,1.2,0
1425,Operations,"Operations Manager",1,38.3467,5,8,3,3.78322,65.535,2.8,10,10,10,2.7,0
1426,IT,"Software Engineer",7,36.4991,1,3,1,22.589,75.3492,2.6,8.5,10,8.6,0.1,0
1427,Finance,"Finance Manager",2,50.2959,4,10,1,7.35438,90.845,5.1,10,10,9.7,0.8,0
1428,Finance,"Financial Analyst",8,51.9603,3,5,2,10.658,79.7481,4.6,8.8,10,9,0.7,0
1429,Marketing,"Marketing Executive",12,30,2,9,5,13.9837,86.2768,1,10,10,10,2.7,0
1430,HR,"HR Manager",3,42.5571,1,8,2,8.6079,96.6464,3.1,10,10,9.6,3.3,0
1431,Finance,Accountant,12,40.4887,2,14,3,12.8604,82.6376,3.9,9.9,10,10,2.1,1
1432,Finance,Accountant,5,45.8947,5,8,4,15.4521,74.412,4.2,9,10,10,2.2,0
1433,Operations,"Process Analyst",9,53.656,3,9,2,17.7637,84.6725,4.7,10,9,10,0.9,0
1434,Operations,"Operations Manager",4,39.0957,3,2,1,16.749,74.557,4,9.1,10,10,3.3,0
1435,Sales,"Sales Manager",9,30,1,6,5,10.9691,74.9558,1.7,10,8.5,9.2,1.4,0
1436,R&D,"R&D Scientist",12,45.474,3,3,3,11.1202,64.8011,4,10,10,9,2.3,1
1437,R&D,"Lab Engineer",0,50.3398,1,3,1,26.0947,89.2626,1,10,10,10,1,0
1438,IT,"System Analyst",8,40.1774,1,2,4,17.6993,76.14,2.7,10,9.5,9.8,1,0
1439,R&D,"Research Associate",0,37.7698,2,6,5,6.46906,81.821,3.5,8.2,10,7.5,3,0
1440,Marketing,"Brand Manager",7,39.3764,3,3,4,12.5999,69.6404,2.6,10,10,10,1.8,0
1441,IT,"System Analyst",8,47.1012,1,5,4,9.98914,84.3595,3.4,10,10,10,2.8,0
1442,Sales,"Sales Rep",8,39.2732,2,4,5,11.188,72.3806,1.9,10,10,10,1.4,0
1443,Operations,"Logistics Coordinator",0,43.9726,4,4,5,4.62303,78.5829,4.7,10,10,9.5,0.6,1
1444,R&D,"Research Associate",1,42.1668,2,3,4,9.52846,88.7783,3.8,10,8.5,10,0.8,0
1445,HR,"HR Manager",11,41.5477,2,14,3,22.8693,87.9076,4.1,10,9.4,9.6,1.5,0
1446,Operations,"Operations Manager",12,46.2078,1,7,5,15.4745,79.7797,2.1,10,10,10,0.6,0
1447,Marketing,"SEO Specialist",0,39.1285,5,3,1,0,62.3187,2.9,10,10,9.7,0.2,0
1448,Operations,"Process Analyst",9,39.4165,5,9,2,19.3003,100,2.8,9.7,10,10,2.5,0
1449,Marketing,"SEO Specialist",1,46.7856,5,9,3,18.5378,97.4586,3.5,10,10,8.9,0.8,0
1450,Marketing,"SEO Specialist",9,36.0784,2,14,5,9.84429,87.2267,2,10,10,10,1.3,0
1451,Marketing,"Brand Manager",11,36.7187,1,13,5,16.3036,72.468,2.4,10,10,10,1.5,0
1452,Sales,"Sales Rep",7,34.4381,3,6,3,6.8436,78.8641,3.3,9.6,10,10,0.7,0
1453,Marketing,"Marketing Executive",4,47.0941,2,11,2,9.17847,74.5658,1.9,10,10,10,2.6,0
1454,Marketing,"SEO Specialist",11,41.3686,2,8,4,20.9913,92.6386,5,10,9.4,10,0.4,0
1455,HR,Recruiter,10,34.1183,1,5,1,10.3696,82.625,2.9,10,8.6,10,1.6,0
1456,IT,"Software Engineer",6,47.1229,4,2,5,0.78161,72.1584,3.8,9.6,10,10,1.6,0
1457,Finance,Accountant,1,38.6667,2,12,2,11.6202,75.2924,3.9,10,10,9.4,1.3,0
1458,IT,"DevOps Engineer",7,36.7699,4,3,1,11.5285,91.2119,1.2,10,10,10,0,0
1459,Marketing,"Marketing Executive",10,40.8259,4,11,3,19.1902,96.001,2.6,10,10,10,2.1,0
1460,HR,"HR Manager",5,50.8723,5,11,5,12.086,95.2833,4.1,10,10,10,2.2,0
1461,Operations,"Logistics Coordinator",7,39.6302,1,5,4,9.47051,87.5703,4.5,10,9.2,10,0.8,0
1462,HR,"HR Manager",0,45.452,4,2,3,18.2703,77.4738,3.5,10,8.8,10,2.1,0
1463,Marketing,"Brand Manager",14,46.3625,1,14,5,12.7247,47.5849,4.2,10,10,10,1.8,0
1464,HR,"HR Executive",0,44.6596,5,9,2,7.49986,82.9716,3,10,10,10,0,0
1465,R&D,"Lab Engineer",11,49.6264,1,10,1,18.93,79.9817,4.5,9.9,9.8,9.7,0.6,0
1466,HR,Recruiter,6,37.7573,2,5,1,13.162,81.3998,4.6,9.8,10,8.8,2.6,0
1467,Marketing,"Brand Manager",7,35.74,4,11,5,12.0176,80.539,3.7,10,10,10,1.7,0
1468,Sales,"Sales Rep",12,35.6222,1,4,3,13.0675,66.7374,2.6,10,10,9.9,0.7,0
1469,R&D,"Lab Engineer",2,41.1332,3,3,4,5.57599,85.5741,3.8,9.9,10,9.3,0.5,0
1470,HR,"HR Manager",4,36.3177,1,6,2,8.83408,86.3222,3.2,10,10,9.8,0.8,0
1471,Finance,"Financial Analyst",11,42.8852,4,4,5,12.0215,86.8234,3.8,10,10,10,0.9,0
1472,Finance,"Finance Manager",0,42.4619,5,11,2,10.832,89.4658,4.5,9.7,9.6,10,0.6,0
1473,HR,Recruiter,6,48.1114,5,8,1,19.6346,86.0405,5,10,10,10,0,0
1474,Sales,"Sales Manager",4,43.7469,4,12,4,13.3044,75.8997,3.3,10,10,9.3,2.5,0
1475,Operations,"Process Analyst",7,39.5031,2,7,2,17.1294,79.2916,3.6,10,9.4,8.6,2.3,0
1476,Marketing,"Marketing Executive",12,44.4651,2,2,5,12.0564,80.9112,3.1,10,10,9.8,0,0
1477,Finance,Accountant,7,35.8188,5,13,4,18.3377,81.077,1.7,10,10,10,1.3,0
1478,Operations,"Process Analyst",8,41.7712,5,9,3,14.3852,89.9822,3,10,10,10,0.4,0
1479,HR,"HR Manager",6,43.9164,4,3,5,12.0805,86.4367,3.5,10,10,10,1.1,0
1480,Operations,"Process Analyst",10,42.7759,2,6,2,11.9203,100,1.7,10,10,10,0.8,0
1481,R&D,"R&D Scientist",0,44.4904,5,10,4,6.27337,100,4.5,10,9.7,9.6,1,0
1482,IT,"Software Engineer",12,38.1357,2,9,5,15.0415,80.7965,1,10,10,10,3.1,0
1483,Finance,Accountant,2,48.9122,5,3,4,11.7588,41.6334,6.7,8,9.5,8.9,1.2,0
1484,HR,"HR Manager",7,52.933,1,10,4,8.98805,92.3683,5.9,10,8.2,10,0.8,0
1485,Marketing,"SEO Specialist",2,32.3839,3,6,4,18.6388,74.5962,2.1,10,10,10,0.4,0
1486,Sales,"Sales Manager",7,34.7064,1,11,2,4.4987,71.9852,2.8,10,9.8,8.9,2.3,0
1487,R&D,"Lab Engineer",0,42.2585,5,7,5,9.46502,76.0155,3.7,10,10,9.6,0,0
1488,HR,"HR Manager",4,40.4607,3,14,1,18.1663,75.5336,2.6,10,10,8.9,0.5,0
1489,Marketing,"SEO Specialist",3,53.3785,3,4,1,13.8931,86.1227,4.6,10,10,10,2.9,0
1490,Sales,"Sales Executive",4,43.3187,5,14,2,11.7128,64.4056,3.3,10,10,10,1.6,0
1491,Sales,"Sales Executive",7,50.3553,5,4,2,13.506,69.2228,4,10,10,8.1,1.6,0
1492,HR,Recruiter,9,30,2,11,4,13.0765,83.4316,2.4,10,10,10,3.4,0
1493,R&D,"R&D Scientist",14,46.885,5,9,5,2.90002,86.2294,2.4,10,10,10,1.5,0
1494,Operations,"Operations Manager",13,37.7069,4,12,5,9.90443,86.4154,2.9,8.7,10,9.1,0.6,0
1495,Operations,"Operations Manager",3,37.6107,5,11,3,21.6991,72.1296,3,10,10,10,1,0
1496,Sales,"Sales Executive",10,40.5099,4,11,3,8.04405,70.2173,3.2,9.8,10,10,0.2,0
1497,Operations,"Operations Manager",3,33.4525,5,13,1,10.0902,74.9337,2.2,10,10,10,2.5,0
1498,IT,"DevOps Engineer",14,44.6567,2,3,3,8.75028,82.3987,4.8,10,8.9,9.7,2,0
1499,Sales,"Sales Rep",2,43.1443,4,12,3,11.4779,94.8548,3.2,10,10,9,2.4,0
1500,Sales,"Sales Executive",6,43.5972,1,13,1,8.50126,59.5256,3.6,10,10,9.1,2.6,0
1501,Marketing,"Marketing Executive",2,47.3222,4,13,1,14.9204,77.7927,5,10,10,10,1.1,0
1502,Operations,"Process Analyst",11,51.0887,2,3,3,13.1839,66.6732,4.1,10,10,9.8,0.5,0
1503,R&D,"Lab Engineer",2,39.8177,4,14,5,16.6413,63.4776,3.3,10,10,10,1.3,0
1504,Sales,"Sales Rep",10,44.8641,5,6,3,5.69435,89.6696,3.4,10,9.5,8.4,0.5,0
1505,R&D,"Research Associate",9,43.7579,5,7,4,9.95796,85.4462,4.7,10,8.5,8.8,1.6,0
1506,IT,"System Analyst",4,44.2657,2,13,4,10.6457,84.4943,3.5,10,9.5,10,2.5,0
1507,Marketing,"Brand Manager",4,44.3556,3,3,4,14.7339,89.2103,4.7,10,10,10,1.3,0
1508,HR,Recruiter,13,51.543,5,6,2,7.24067,75.2028,4.1,10,10,10,1.6,0
1509,R&D,"Lab Engineer",5,39.2419,1,8,4,17.4939,75.6736,2.2,10,10,10,1.1,0
1510,Sales,"Sales Rep",7,32.8456,2,11,5,19.1185,100,3.3,10,10,10,2.1,0
1511,IT,"Software Engineer",9,37.8128,4,11,2,6.06677,77.5343,2.5,10,9.8,10,0.6,0
1512,Finance,"Finance Manager",5,46.5436,4,9,2,9.05476,87.3513,4.3,10,8.5,9.9,0,0
1513,IT,"System Analyst",14,42.14,1,13,4,8.80841,80.0638,1,10,10,10,1.6,0
1514,IT,"System Analyst",11,39.1944,5,8,3,27.7943,61.5174,3,10,10,10,2.3,0
1515,Marketing,"Brand Manager",0,35.541,2,9,1,9.4206,59.5537,2.1,10,10,10,1.7,0
1516,HR,Recruiter,14,43.3277,1,13,3,22.0658,74.2102,2.4,10,9.7,10,0.6,0
1517,Finance,Accountant,7,45.867,5,10,3,4.40021,90.561,3.2,10,10,10,0.2,0
1518,Operations,"Logistics Coordinator",7,43.8352,2,6,2,6.06209,87.8829,2.9,9.7,10,10,1.8,0
1519,Operations,"Logistics Coordinator",8,40.48,4,14,2,7.88037,89.1408,3.2,10,10,10,1.5,0
1520,R&D,"Lab Engineer",8,42.8798,2,6,2,6.92586,70.1295,2,10,9.7,8.7,1.1,0
1521,IT,"System Analyst",1,42.8451,3,12,5,10.3926,96.1587,3.8,10,10,10,3.2,0
1522,Marketing,"Marketing Executive",14,43.1382,2,11,5,7.74733,70.3511,4.8,10,10,9.5,0.5,1
1523,Marketing,"Marketing Executive",1,34.8942,3,5,1,7.08395,82.1282,2.9,10,10,10,3.1,0
1524,Operations,"Logistics Coordinator",2,43.184,2,14,2,18.9508,79.8965,4.2,10,10,10,1.4,0
1525,R&D,"Lab Engineer",0,39.3564,3,10,4,19.3428,78.2613,4.1,10,10,10,0,0
1526,R&D,"Research Associate",3,48.2437,4,6,2,17.6958,93.3859,5.2,10,8.8,10,1.3,0
1527,R&D,"Lab Engineer",13,42.7975,5,3,5,15.144,72.9489,5.2,10,10,10,2.5,0
1528,Finance,"Financial Analyst",3,47.0129,3,11,2,12.5565,66.5039,3.3,10,10,10,1,0
1529,HR,"HR Manager",13,40.1893,3,9,5,9.01782,80.2,2.3,10,10,10,0,0
1530,Finance,Accountant,8,40.4057,4,8,2,6.28105,76.0017,3.8,9.1,10,10,1.2,0
1531,Sales,"Sales Executive",8,50.9655,3,9,4,14.178,100,4.9,9,8.8,9.8,0.6,0
1532,Sales,"Sales Executive",8,44.618,1,13,1,4.95822,86.7651,4.3,10,9,10,1.9,0
1533,HR,"HR Manager",9,37.7129,4,4,4,6.03647,75.9066,4.9,10,7.8,9.7,2.3,0
1534,Operations,"Operations Manager",6,47.3818,1,5,5,18.9175,69.4389,3.9,10,10,10,0.3,0
1535,HR,"HR Executive",13,38.8002,4,6,3,23.4039,61.1971,3.3,10,10,10,0.6,0
1536,Marketing,"SEO Specialist",14,43.3542,3,7,4,14.3598,69.7478,2.6,10,10,10,2,0
1537,Sales,"Sales Executive",1,53.02,1,2,2,18.6387,81.1494,6.6,10,9.7,7.8,0.8,0
1538,IT,"DevOps Engineer",9,33.4123,3,5,1,10.5249,94.2733,2.1,10,9,10,0.1,0
1539,IT,"DevOps Engineer",4,40.9453,4,12,2,3.97395,91.2169,2.8,10,9.8,10,0.1,0
1540,Operations,"Operations Manager",3,44.4496,3,13,2,15.673,82.2909,3.1,10,10,10,1.7,0
1541,Marketing,"Marketing Executive",11,46.5882,1,11,4,15.4157,76.7683,3.2,10,10,10,1.6,0
1542,Finance,"Financial Analyst",10,34.5526,1,14,1,12.43,82.6881,1.8,10,10,10,0.5,0
1543,Marketing,"SEO Specialist",7,32.7853,3,6,3,10.5457,74.8136,1.9,10,10,10,1.2,0
1544,IT,"Software Engineer",1,48.5445,2,8,2,17.7733,97.1836,2.7,10,10,10,2.8,0
1545,IT,"Software Engineer",5,37.6775,4,14,1,6.0856,78.1081,2.1,10,10,10,0.2,0
1546,Sales,"Sales Manager",12,37.4263,4,6,3,7.35732,79.1366,4.7,8.1,9.5,10,0,0
1547,Marketing,"Brand Manager",4,51.3015,3,14,2,5.95136,57.8418,4.9,10,10,10,1.9,0
1548,Marketing,"Brand Manager",14,42.4182,2,14,1,12.5098,78.0457,4.2,9.1,9.9,9.5,1.3,0
1549,IT,"Software Engineer",11,42.4574,1,2,4,5.47264,88.3648,4.6,10,8.8,10,0.7,0
1550,Finance,Accountant,1,40.9212,5,12,2,7.89455,69.3228,5,9.7,9.2,9.4,2.2,0
1551,Operations,"Process Analyst",10,34.6561,5,8,2,7.76547,72.4928,1,10,10,10,1.9,0
1552,R&D,"R&D Scientist",9,46.0542,3,9,1,10.4363,87.9271,2.5,10,10,10,0,0
1553,Operations,"Process Analyst",14,44.4567,2,14,2,3.07575,65.2334,2.8,10,10,10,0.6,0
1554,Marketing,"SEO Specialist",0,43.0121,2,8,3,12.5232,90.578,2.9,10,10,10,3.6,0
1555,Operations,"Operations Manager",7,41.3021,4,12,2,19.4838,74.6786,3,10,9.6,9.6,1.9,0
1556,IT,"Software Engineer",1,40.2461,1,14,5,12.8129,76.1143,2.6,10,10,10,1.9,0
1557,IT,"System Analyst",6,47.4749,2,5,3,21.2479,68.7612,4.2,8.8,9.7,9.6,2.6,0
1558,Marketing,"Brand Manager",8,41.1522,5,9,1,20.004,83.7805,3.4,9.9,10,9,1.4,0
1559,Marketing,"SEO Specialist",8,41.6156,1,6,3,16.6664,100,2.4,10,10,9.8,2,0
1560,R&D,"Research Associate",7,45.1794,1,11,5,12.4481,87.815,1.3,10,10,10,1.9,0
1561,R&D,"R&D Scientist",10,43.2478,3,10,5,12.135,71.3571,2.5,10,9.4,10,1.8,0
1562,Sales,"Sales Manager",13,51.8537,2,13,2,16.5828,91.3562,3.7,9.5,8.8,10,1,0
1563,Marketing,"Marketing Executive",11,31.4318,3,13,2,9.64998,76.8332,1.9,10,10,9.4,1.4,0
1564,Finance,"Financial Analyst",9,43.7994,2,11,4,0.704875,93.7449,2.4,10,9.8,10,0.7,0
1565,Operations,"Operations Manager",8,37.7664,4,6,3,14.952,88.0668,2.4,10,10,9.6,1.3,0
1566,Marketing,"SEO Specialist",1,36.3475,3,2,4,5.21359,50.5686,1.5,10,10,10,0,0
1567,HR,"HR Manager",5,39.2576,3,13,5,6.22715,69.9592,3,10,10,10,0.5,0
1568,Sales,"Sales Executive",3,42.3281,5,10,2,12.0013,89.4439,2.2,10,10,9.8,0.9,0
1569,HR,"HR Executive",13,42.5944,3,13,2,11.4293,81.5166,2.6,10,10,10,0.3,0
1570,IT,"DevOps Engineer",3,32.8962,2,6,2,3.52755,69.7624,1.1,10,10,10,0.6,0
1571,R&D,"Lab Engineer",4,38.7535,5,7,1,12.9929,73.6641,2.8,10,10,10,1.1,0
1572,Operations,"Operations Manager",11,43.6873,3,5,5,17.7968,60.9376,2.6,10,10,8.5,1.7,0
1573,Marketing,"SEO Specialist",2,36.7384,3,7,2,5.22995,79.1163,3.6,10,10,10,2.3,0
1574,HR,Recruiter,13,35.3113,4,13,5,19.6349,100,3,10,10,10,0.8,0
1575,Operations,"Operations Manager",0,30,3,9,2,2.63898,88.0493,2,10,10,10,2.5,0
1576,IT,"System Analyst",7,38.0208,1,4,3,24.7039,100,2.1,10,10,9.4,2.1,0
1577,R&D,"Research Associate",4,35.1022,5,6,5,9.53244,88.824,2.9,10,9.7,10,1.8,0
1578,Finance,Accountant,2,36.0964,1,3,4,12.8737,90.2748,3.4,10,10,9.8,1.5,0
1579,Sales,"Sales Manager",9,40.3691,5,3,1,0.647799,99.7408,3.3,10,10,10,1.7,1
1580,Operations,"Process Analyst",13,38.401,4,14,4,11.6272,83.7726,4.6,9.9,7.6,10,2.6,0
1581,Operations,"Logistics Coordinator",6,35.0026,3,8,5,13.3709,78.1277,3.1,10,10,9.9,2.5,0
1582,Finance,"Financial Analyst",6,30,3,11,2,11.483,90.3266,2.9,10,10,10,2.6,0
1583,Operations,"Process Analyst",0,43.8139,3,14,5,8.62151,94.5384,3.6,10,10,10,1.4,0
1584,IT,"Software Engineer",11,46.517,5,11,1,6.32061,75.2004,4.5,10,10,10,2,0
1585,IT,"System Analyst",8,39.6195,3,12,5,18.7832,72.7843,2.3,10,9.6,10,2.6,0
1586,Finance,"Finance Manager",14,40.4053,1,11,2,12.1848,81.3886,2.6,10,8.7,10,0.6,0
1587,Sales,"Sales Rep",1,42.0169,3,7,4,21.2445,88.315,3.6,10,9.8,10,1,0
1588,Marketing,"Brand Manager",4,51.4727,4,5,3,8.84111,87.9809,4.6,10,9.5,10,1.5,0
1589,HR,Recruiter,12,32.5938,1,6,4,9.39123,65.7583,2.9,10,10,10,2.2,0
1590,Marketing,"Marketing Executive",13,39.5131,3,2,2,16.8936,99.1161,4.1,10,10,9,2.3,0
1591,Operations,"Logistics Coordinator",4,31.6682,3,8,2,2.26215,73.5883,1,10,10,10,0.9,0
1592,HR,Recruiter,13,44.1739,2,9,1,4.71922,77.3493,2.5,10,9.7,10,0,0
1593,Finance,"Finance Manager",7,41.1362,5,10,5,18.5849,70.9735,3.4,10,10,10,1.6,0
1594,Finance,"Finance Manager",13,43.218,1,9,5,4.9684,100,2.7,10,10,10,0.4,0
1595,Sales,"Sales Executive",7,42.9187,2,6,4,1.08569,82.4207,6.7,8.2,7.3,9.4,0.2,0
1596,HR,"HR Manager",13,47.9442,4,4,3,23.2112,71.4902,4.4,10,10,8.3,0.2,0
1597,IT,"Software Engineer",6,45.2288,5,11,3,3.63709,88.6392,3.4,9.6,10,10,1.7,0
1598,HR,Recruiter,6,46.983,1,12,1,13.1047,87.6914,3.3,9.7,10,9.5,2.7,0
1599,Operations,"Process Analyst",11,35.6068,3,10,2,12.4145,78.1227,2.2,10,10,10,1.3,0
1600,IT,"DevOps Engineer",10,49.159,1,7,1,0,88.4061,4,10,10,9.1,1.6,0
1601,R&D,"Research Associate",5,37.6658,3,6,5,10.3961,71.7471,3,10,9.6,10,2.5,0
1602,R&D,"Lab Engineer",5,38.0108,5,14,2,14.6905,75.0708,2.4,10,10,10,0,0
1603,R&D,"R&D Scientist",10,43.6251,3,4,1,14.1259,59.8978,3.1,10,10,8.2,1.8,0
1604,Finance,Accountant,8,43.8115,4,7,4,17.4211,66.7605,4.9,10,9.1,10,1.5,0
1605,HR,"HR Executive",5,35.5689,3,4,5,9.67505,98.0763,4,10,10,10,2,0
1606,R&D,"Research Associate",11,40.9603,4,11,3,16.275,96.4143,3.5,9.6,10,10,0.9,0
1607,Marketing,"Brand Manager",12,50.9294,5,13,1,7.86403,80.6579,2.9,8.8,10,10,0.5,0
1608,Sales,"Sales Rep",12,33.19,5,7,5,3.5372,96.6293,3.1,10,9.2,10,1.4,0
1609,Marketing,"SEO Specialist",1,50.9113,1,5,5,4.21363,78.3993,5.7,10,10,9.4,3.2,0
1610,R&D,"Research Associate",1,40.5498,4,3,3,3.22734,77.5659,4.5,9.1,9,10,2.3,0
1611,Sales,"Sales Rep",12,30,4,9,3,18.0575,80.5651,2.8,10,10,10,0.8,0
1612,Operations,"Process Analyst",4,33.7996,2,5,3,2.91256,78.7508,3.8,9.6,9.5,9.5,0,0
1613,Marketing,"SEO Specialist",14,36.2191,2,10,1,13.6442,77.848,2.7,10,10,10,0,0
1614,HR,Recruiter,3,38.2564,2,8,3,10.4045,91.434,3.7,10,10,8.9,2.7,0
1615,HR,"HR Executive",10,41.3717,3,13,4,11.3841,81.5014,2.5,10,10,10,0.3,0
1616,Marketing,"SEO Specialist",1,30,2,3,5,20.1816,87.1248,2.3,10,9.8,10,0.9,0
1617,R&D,"R&D Scientist",14,43.1208,4,5,3,9.36944,90.3138,4.9,9.6,10,10,2.8,0
1618,HR,"HR Executive",14,35.6695,3,6,5,15.6696,83.8819,2.1,10,10,10,0,0
1619,Operations,"Logistics Coordinator",2,50.3431,5,4,2,12.2254,70.2973,3.4,10,9.7,10,2.8,0
1620,IT,"DevOps Engineer",6,40.3789,1,10,2,11.0879,66.4713,3.3,10,10,10,1.1,0
1621,R&D,"R&D Scientist",7,47.6571,2,14,3,25.7998,81.4878,3.6,10,9.1,10,0.2,0
1622,Operations,"Operations Manager",11,48.6621,5,6,5,3.35195,78.2874,4.6,10,9.5,9,1.2,0
1623,Sales,"Sales Executive",12,48.4996,4,3,2,19.7348,80.8739,3.5,10,10,9.7,0.6,0
1624,Operations,"Logistics Coordinator",5,38.6016,1,12,3,15.9384,79.8395,4.7,10,9.3,8.3,1.9,0
1625,R&D,"Research Associate",10,38.5248,5,4,5,9.12285,100,1.7,10,10,10,0.5,0
1626,Sales,"Sales Manager",4,40.6502,1,10,3,21.7759,66.6977,4.4,10,10,10,0,0
1627,R&D,"Research Associate",12,45.8174,2,8,5,0.911339,60.1005,3,10,10,10,1.1,0
1628,HR,"HR Manager",0,38.9358,4,3,2,8.8694,83.3238,1.2,10,10,9.2,0,0
1629,IT,"System Analyst",7,41.2844,1,10,3,4.74911,76.2358,3.5,8.7,10,10,1.6,0
1630,R&D,"Lab Engineer",2,43.6416,5,5,2,14.4725,83.1607,3.2,10,10,10,0.1,0
1631,R&D,"R&D Scientist",14,36.5706,2,14,3,5.32162,85.8388,1.6,9.7,10,10,0.7,0
1632,HR,Recruiter,5,36.1913,2,10,1,14.5984,92.841,1,10,10,10,1.3,0
1633,Finance,"Finance Manager",2,41.0504,5,14,2,10.8814,64.9277,3.1,8.9,10,10,1.1,0
1634,HR,Recruiter,6,41.8451,5,3,2,9.12388,74.4328,4.2,9.5,9.2,9.7,1.7,0
1635,Sales,"Sales Manager",12,44.6033,1,13,4,14.3319,84.2876,4.2,8.9,10,9.6,2.1,0
1636,HR,"HR Manager",13,46.0313,3,11,2,10.3883,87.7046,3.7,10,9.6,10,0.2,0
1637,HR,"HR Executive",6,35.4056,2,13,5,5.46819,100,3.1,10,9.5,10,1.2,0
1638,IT,"DevOps Engineer",11,37.1275,1,5,3,28.8082,89.557,2.7,10,10,9.9,0,0
1639,HR,"HR Manager",14,36.1755,5,6,1,9.077,79.4321,1.3,10,10,10,1.4,0
1640,R&D,"Lab Engineer",8,50.4747,1,3,5,0,71.0956,2.8,9.7,10,10,1,0
1641,IT,"DevOps Engineer",4,41.2784,5,11,5,6.94741,74.3571,3,10,10,9.9,0.3,0
1642,Marketing,"SEO Specialist",14,42.0968,4,2,5,4.39634,74.073,3.1,10,8.8,10,1.6,0
1643,Finance,"Finance Manager",7,42.3466,5,8,5,16.9569,86.5523,4.1,10,9.5,7.9,2.6,0
1644,IT,"System Analyst",9,37.706,5,11,1,13.9299,82.57,3.5,10,9.1,9.9,0.9,0
1645,Sales,"Sales Manager",9,51.3856,5,2,4,14.3923,66.7635,4.7,8.7,9.6,10,0.5,0
1646,Marketing,"SEO Specialist",7,44.4662,3,12,2,9.77987,75.641,3.3,9.9,10,10,1.5,0
1647,IT,"System Analyst",0,42.2375,5,12,5,10.3239,88.7755,2,10,10,10,0,0
1648,IT,"DevOps Engineer",11,35.3685,2,9,2,9.77441,83.5166,3,10,10,10,0.6,0
1649,Finance,"Financial Analyst",4,35.0284,2,4,2,11.5128,85.6864,3,10,10,10,2.5,0
1650,R&D,"Lab Engineer",2,40.1466,1,11,5,17.012,83.8292,1,10,9.3,10,1.2,0
1651,Sales,"Sales Executive",0,37.8,3,7,4,14.0165,96.2643,2,10,10,10,0,0
1652,Operations,"Operations Manager",3,35.5953,1,8,2,15.0007,82.3604,1.9,10,10,10,0,0
1653,Operations,"Operations Manager",7,39.7743,2,11,3,14.9974,76.1398,3.2,10,10,10,1.5,0
1654,IT,"Software Engineer",2,40.7014,2,2,2,17.3067,70.8425,2.4,10,10,10,2.1,0
1655,HR,"HR Executive",9,42.8507,4,7,5,13.7289,82.4961,3.3,10,10,10,0,0
1656,Sales,"Sales Executive",1,38.9765,5,8,1,14.1531,55.593,2.8,10,9.7,8.1,1.7,0
1657,Marketing,"Brand Manager",10,35.9544,2,7,2,19.1328,78.1571,2.6,10,10,10,2.6,0
1658,HR,Recruiter,8,36.1625,1,5,4,8.00972,77.9416,2.2,10,10,9.1,3.1,0
1659,HR,"HR Manager",9,49.2778,1,2,3,6.86554,66.3553,3.4,9.5,9,10,1.7,0
1660,Sales,"Sales Manager",4,34.4895,5,12,3,4.88447,70.7173,1.4,10,10,10,1.6,0
1661,R&D,"Research Associate",13,44.1791,5,10,1,13.0975,88.0966,3.9,10,10,10,0,0
1662,IT,"System Analyst",6,45.1173,4,5,1,0.877607,82.3071,4.1,10,9.5,10,3.5,0
1663,IT,"System Analyst",10,41.2723,3,8,2,14.7729,81.0179,2.4,10,10,10,0.7,0
1664,IT,"Software Engineer",10,52.607,1,8,5,11.3448,83.0635,5.8,10,9.3,8.8,0.6,0
1665,IT,"System Analyst",1,45.0103,5,3,4,18.8078,80.9263,3.4,10,10,10,1.1,0
1666,Operations,"Operations Manager",8,53.0574,1,2,3,7.9685,92.4286,5.8,8.5,9.3,10,3.1,0
1667,IT,"Software Engineer",12,38.0936,5,9,1,10.7801,81.2343,2.5,9.9,10,10,3.5,0
1668,Operations,"Logistics Coordinator",8,38.1963,2,9,4,18.7332,65.4179,1,10,10,10,1.2,0
1669,Operations,"Operations Manager",3,45.1652,1,8,5,20.2988,96.3013,4.1,8.3,9.1,10,2.4,0
1670,R&D,"Research Associate",3,40.4312,2,9,3,7.91909,83.7034,3.5,10,10,10,1.4,0
1671,IT,"System Analyst",5,52.114,1,4,3,13.0907,74.1075,4.3,10,9.6,9.9,0.4,0
1672,Finance,"Financial Analyst",9,44.0502,3,12,5,13.7665,67.466,2.9,10,9.5,9.6,2.8,0
1673,Marketing,"Brand Manager",9,35.7326,4,3,3,14.2419,83.9591,2.6,10,9.2,10,0.6,0
1674,HR,"HR Executive",9,31.5791,2,8,5,10.4245,78.8283,1.7,10,10,10,2.7,0
1675,Operations,"Logistics Coordinator",5,41.5306,5,9,3,19.6883,95.7415,2.9,10,10,10,2.6,0
1676,Sales,"Sales Rep",11,41.4653,3,2,2,0.661779,76.5409,4.1,10,10,10,2,0
1677,Sales,"Sales Executive",0,43.8826,1,13,5,9.47322,71.6262,3.7,10,10,10,3.2,0
1678,Marketing,"Marketing Executive",13,49.2641,2,11,4,14.6876,88.958,4.6,10,10,10,3.7,0
1679,Sales,"Sales Executive",13,48.4747,1,10,2,14.7433,89.2528,3.8,10,10,10,1.2,0
1680,Finance,"Financial Analyst",8,38.5266,1,14,4,20.1166,81.6865,2.5,10,10,10,0.4,0
1681,Sales,"Sales Executive",1,34.2371,1,12,3,19.1894,86.7636,1.4,10,10,10,0,0
1682,HR,"HR Manager",4,34.5953,4,5,4,10.2867,79.6231,2.1,10,10,10,3.5,0
1683,HR,Recruiter,8,37.5792,4,13,2,19.7992,82.3387,1,10,10,10,0.7,0
1684,Operations,"Operations Manager",3,39.7996,5,5,5,7.71575,91.6499,2.6,10,10,10,2.4,0
1685,IT,"Software Engineer",10,43.8304,2,4,1,17.5853,86.2532,3.4,10,10,10,0.6,0
1686,R&D,"R&D Scientist",2,37.1942,3,7,4,22.8631,78.3073,3.4,10,10,9.2,2.9,0
1687,Finance,"Finance Manager",14,43.6824,3,2,1,19.2897,93.5236,3.1,10,10,10,0.6,0
1688,Operations,"Operations Manager",6,44.1722,3,7,4,12.6346,56.3514,3.8,10,9.9,10,0.2,0
1689,Finance,"Financial Analyst",5,42.8601,1,3,4,10.0093,100,1.3,10,10,10,0.9,0
1690,IT,"Software Engineer",7,35.2283,4,10,5,2.82845,62.9404,2.5,10,10,10,0.7,0
1691,Sales,"Sales Executive",2,44.807,2,3,3,13.8632,73.7291,1.9,10,10,9.7,1.8,0
1692,Sales,"Sales Rep",4,54.4876,1,8,2,5.3087,79.5908,3.3,10,10,10,1.3,0
1693,R&D,"R&D Scientist",9,43.4754,4,13,2,7.24119,78.5352,3.3,10,10,10,2,0
1694,IT,"DevOps Engineer",3,30,4,2,2,4.85553,90.0641,3.4,10,10,10,1,0
1695,Operations,"Process Analyst",14,49.4453,2,13,3,9.23765,69.4216,4.4,10,10,10,0.8,0
1696,R&D,"R&D Scientist",12,37.7835,2,8,1,11.8322,82.6077,2.9,10,10,10,0.7,0
1697,IT,"DevOps Engineer",3,55.5943,2,6,2,13.6417,74.2179,4.6,9.1,9.2,10,3.5,0
1698,Marketing,"Marketing Executive",3,42.6982,1,9,1,8.39696,82.9514,2.6,10,10,10,1.5,0
1699,HR,"HR Executive",9,31.8918,5,5,3,18.4157,79.3523,1.7,10,10,10,0,0
1700,R&D,"R&D Scientist",7,30,2,13,3,10.7508,80.9294,2.5,10,10,10,0.7,0
1701,R&D,"Lab Engineer",5,51.2384,5,11,5,7.27367,74.5008,3,10,9.5,10,1.4,0
1702,Operations,"Process Analyst",2,48.6354,1,8,2,13.3578,74.8994,4.6,10,10,9.7,3.3,0
1703,Finance,"Financial Analyst",9,55.3561,5,7,5,23.7813,82.8727,4.2,10,10,10,2.5,0
1704,Marketing,"Brand Manager",4,42.0655,3,6,2,14.011,89.4372,4.1,9.8,10,10,0.5,0
1705,Operations,"Operations Manager",5,41.6608,5,5,3,9.82287,74.0172,4.3,10,10,10,3.8,0
1706,IT,"System Analyst",4,39.7037,2,8,3,2.83523,71.3123,1.3,10,10,10,1.1,0
1707,IT,"DevOps Engineer",5,38.0503,1,13,4,10.6835,86.1346,2.3,10,10,9.9,2.5,0
1708,IT,"Software Engineer",7,39.6454,2,6,4,13.4096,79.675,2.2,10,10,10,0.1,0
1709,IT,"System Analyst",6,43.3048,3,6,3,9.67451,88.305,1.7,10,10,10,0,0
1710,Finance,"Financial Analyst",4,36.9366,2,2,3,2.00769,70.942,1.7,10,10,10,0,0
1711,Marketing,"Brand Manager",9,31.9843,2,3,1,6.89661,62.2056,4.6,8.5,9.2,10,0,0
1712,Sales,"Sales Executive",5,42.9593,2,6,1,20.7272,74.67,4,9.8,10,10,3.5,0
1713,HR,"HR Executive",13,36.8028,4,14,5,20.604,72.3365,4.7,10,9.7,9.1,1.7,0
1714,Finance,"Finance Manager",3,30,3,4,4,6.68016,79.2121,2.9,10,9.8,10,0.4,0
1715,Finance,Accountant,11,45.3154,2,14,4,16.0365,73.6315,2.9,9.8,10,10,1.7,0
1716,Sales,"Sales Executive",8,35.3516,2,3,3,4.92856,87.4102,2.2,10,10,10,1.4,0
1717,Sales,"Sales Executive",12,45.9707,2,5,3,20.4259,77.1185,4.3,8.4,10,10,2.1,0
1718,HR,"HR Executive",3,45.8271,1,5,5,13.4714,81.5047,4.1,10,10,10,2.6,0
1719,HR,Recruiter,0,43.7015,4,5,4,17.6978,81.5763,2.8,10,10,9.8,1,0
1720,Sales,"Sales Manager",6,56.9809,1,5,1,1.70944,81.9496,3.4,10,10,10,0.5,1
1721,IT,"DevOps Engineer",6,41.1717,4,4,2,16.0658,79.7587,6.4,7.8,9.5,10,2.5,0
1722,Finance,"Finance Manager",3,40.2862,2,14,5,11.954,85.106,3.2,10,10,10,2.1,1
1723,Operations,"Logistics Coordinator",12,46.102,3,13,2,17.1116,72.0434,3.4,10,10,10,1.4,0
1724,HR,"HR Executive",13,41.6673,5,8,1,17.4892,93.9942,3.5,10,10,10,3.5,0
1725,HR,"HR Manager",2,48.963,5,10,1,12.3947,77.6346,3.8,9.7,9.5,10,0.9,0
1726,Sales,"Sales Manager",7,34.3872,2,13,2,8.39502,66.8845,2.7,10,10,10,0.4,0
1727,Marketing,"SEO Specialist",4,34.487,1,6,5,16.6782,81.8807,4,8.5,10,9.4,1.8,0
1728,Operations,"Process Analyst",9,46.5949,3,5,2,11.6391,71.4882,3.6,10,10,10,0.7,0
1729,Operations,"Operations Manager",6,35.0111,4,12,5,6.76329,86.6533,1.3,10,10,10,1.6,0
1730,HR,"HR Executive",3,45.6546,2,3,5,6.47909,100,3.6,9.5,10,10,0.5,0
1731,IT,"System Analyst",3,44.22,3,3,3,3.13701,72.1343,3,10,10,10,0.9,0
1732,Marketing,"SEO Specialist",7,37.8331,3,6,4,8.93825,83.3237,4.2,10,9.7,10,3.3,0
1733,Operations,"Process Analyst",13,44.203,4,8,4,18.6162,62.4449,4.6,10,10,7.8,1.1,0
1734,HR,"HR Executive",7,34.5924,3,11,1,13.067,84.5391,2.6,10,10,10,0.5,0
1735,Operations,"Process Analyst",1,36.0006,1,11,3,8.82139,71.1429,1.5,10,10,10,2.3,0
1736,R&D,"R&D Scientist",13,40.5769,1,10,4,16.8291,73.7517,2.1,10,10,10,0.2,0
1737,Marketing,"SEO Specialist",1,42.4736,1,14,5,7.00514,68.9871,3.3,10,10,9.4,0.6,0
1738,Marketing,"Marketing Executive",2,40.1782,3,8,5,12.5721,87.3215,3.6,10,10,9.6,1.9,0
1739,R&D,"Lab Engineer",14,44.5987,1,6,2,10.9222,90.073,3.2,10,10,10,2.3,0
1740,Finance,Accountant,11,44.3308,4,11,2,16.6748,80.2338,3.1,10,10,10,2.5,0
1741,R&D,"R&D Scientist",11,51.1762,3,11,5,2.53663,71.3557,3.6,10,10,10,0.6,0
1742,Sales,"Sales Rep",2,41.4283,5,11,5,6.89881,95.8952,3.2,10,10,9.2,1.9,0
1743,Sales,"Sales Manager",0,49.1674,3,7,2,2.17053,72.4959,1.7,10,10,10,0.7,0
1744,HR,"HR Manager",14,47.5244,4,12,4,10.4424,58.3797,2.8,9.7,10,10,0.7,1
1745,Marketing,"Marketing Executive",13,55.7639,5,13,1,19.2686,84.5839,4.2,10,9.5,9.6,2.6,1
1746,Finance,Accountant,2,41.2365,3,4,2,8.96732,68.9523,4.4,9.7,10,9.7,0.9,0
1747,Finance,"Financial Analyst",5,39.4778,1,6,4,8.9359,89.8861,2.2,10,10,10,1.5,0
1748,Operations,"Process Analyst",7,49.5462,2,9,4,17.2303,76.1886,4.2,9.1,10,10,1.6,0
1749,Operations,"Logistics Coordinator",12,44.3126,2,2,4,18.4113,86.0371,3.8,10,10,10,0.3,0
1750,R&D,"R&D Scientist",11,49.69,1,13,3,11.4686,94.015,5.4,10,8.7,9.8,2.5,0
1751,Finance,"Finance Manager",13,46.3008,2,2,3,16.1083,67.9114,5,10,10,10,2.1,0
1752,R&D,"Lab Engineer",9,30,2,8,4,5.53827,74.3406,2,10,10,10,0,0
1753,R&D,"Lab Engineer",5,44.2579,1,6,5,20.2678,79.2433,3.1,10,10,10,1.6,0
1754,Operations,"Logistics Coordinator",4,43.8673,1,6,3,24.8922,95.3755,2.8,10,10,9.4,0.5,0
1755,Marketing,"Marketing Executive",14,42.7986,3,2,2,15.1273,73.4162,3.1,10,10,10,2.4,0
1756,R&D,"R&D Scientist",3,41.2065,3,10,3,0,74.055,2.7,10,10,9.6,0,0
1757,IT,"System Analyst",2,32.4471,1,2,5,8.65062,84.7814,2.9,10,10,10,0.9,0
1758,Marketing,"Marketing Executive",12,47.2451,4,6,1,15.677,74.2277,4.2,10,8.9,10,1.8,0
1759,Finance,"Financial Analyst",3,44.2426,2,11,3,9.4711,81.5253,4.2,10,10,10,1.5,0
1760,Finance,"Finance Manager",13,48.6117,3,10,4,19.6332,64.4846,5.3,10,8.5,9.1,2.3,0
1761,R&D,"Lab Engineer",6,32.7675,2,5,4,15.5289,100,4.2,9.6,10,8.8,0,0
1762,Marketing,"Brand Manager",0,45.0428,5,14,4,7.76115,66.5229,3.8,9.9,8.3,8.3,3,0
1763,Operations,"Operations Manager",6,40.592,1,9,1,12.1936,76.7825,4.4,10,8.4,10,2,0
1764,Operations,"Operations Manager",0,42.8627,4,7,5,6.637,79.6752,3,10,10,10,2.7,0
1765,Sales,"Sales Executive",1,40.661,5,12,2,10.9045,99.1269,4.4,10,9.7,9.5,2.3,0
1766,Finance,"Financial Analyst",14,45.2616,5,4,5,8.67244,66.7515,4.8,10,9.1,10,1.5,1
1767,HR,"HR Manager",3,41.0228,5,5,1,19.0486,99.837,4.2,10,10,9.4,0.1,0
1768,Sales,"Sales Manager",0,35.6885,1,3,4,24.6961,87.5718,2.9,10,10,10,0.7,0
1769,Operations,"Process Analyst",10,42.5186,3,2,5,3.41287,84.171,2.7,10,10,10,2.9,0
1770,Marketing,"Brand Manager",11,40.715,1,14,2,0.460702,70.1537,1.8,10,10,9,2.6,0
1771,Operations,"Logistics Coordinator",10,41.4996,3,9,4,10.529,85.7114,3.2,10,10,10,0.7,0
1772,Marketing,"Marketing Executive",14,30,5,2,2,2.88951,72.7651,3.7,10,9.9,10,0,0
1773,Sales,"Sales Manager",10,46.0958,5,14,3,12.2773,92.6666,3.3,10,10,7.6,1.1,0
1774,Finance,Accountant,8,40.112,4,12,2,16.4936,70.2894,3.9,10,10,8.9,1.1,0
1775,Operations,"Logistics Coordinator",11,33.9111,3,2,4,20.9649,78.8684,3.3,10,9,10,1.1,0
1776,R&D,"Research Associate",5,47.5354,5,5,3,13.2084,74.4473,3.5,10,10,10,1.9,0
1777,Marketing,"Marketing Executive",12,45.8182,2,11,4,10.8411,70.1248,4.9,10,10,10,2.4,0
1778,Finance,"Financial Analyst",0,40.0361,4,13,4,0.12969,87.4132,1,10,10,10,2.1,0
1779,HR,Recruiter,0,35.087,1,11,3,12.1571,85.3546,1.3,9.9,10,10,1.6,0
1780,Marketing,"SEO Specialist",5,43.0682,4,7,2,12.4277,92.0901,2.5,10,10,10,0,0
1781,Sales,"Sales Rep",3,42.7386,2,10,1,15.8337,62.2012,2.5,10,10,10,0.9,0
1782,HR,Recruiter,3,47.546,3,2,1,7.74907,90.6417,4.2,10,7.9,9.7,3.7,0
1783,HR,"HR Executive",14,39.3376,1,8,1,9.38968,100,3.4,9.6,10,8.5,1.7,0
1784,IT,"DevOps Engineer",10,49.1695,1,11,1,3.13199,75.4836,4.5,7.8,9.7,8,1.8,0
1785,Operations,"Process Analyst",14,38.7585,3,12,5,0,98.9515,3.5,10,9.3,10,1.7,0
1786,Marketing,"Marketing Executive",5,33.925,4,6,1,5.34902,77.3684,1.5,10,10,10,1.6,0
1787,HR,"HR Manager",14,35.2063,5,13,3,2.57805,66.2759,1.5,10,10,10,0,0
1788,IT,"System Analyst",13,41.6255,4,9,1,14.0203,76.9437,3.6,10,10,8.6,1.1,0
1789,Sales,"Sales Manager",11,41.6069,2,8,4,8.8912,90.482,2.7,10,10,9.9,1.2,0
1790,Finance,"Finance Manager",10,43.9672,5,5,1,8.77058,71.6182,2.1,10,10,10,2.5,0
1791,R&D,"R&D Scientist",6,41.4578,4,5,2,6.09352,73.9966,4.2,8.1,10,10,1.5,0
1792,R&D,"R&D Scientist",8,47.8639,3,7,3,0,85.9354,5.3,8.5,10,9.5,0,1
1793,Marketing,"Marketing Executive",9,40.4334,2,7,3,21.0499,80.0306,4.8,9.8,9.7,9,1.9,0
1794,HR,Recruiter,4,30.0223,2,10,5,5.99838,85.8462,2.2,10,10,10,0.4,0
1795,R&D,"Research Associate",8,41.2734,2,13,4,9.52548,82.3783,3.9,10,10,10,0.2,0
1796,Operations,"Process Analyst",3,30,5,6,3,3.27065,84.7962,3.5,10,10,10,0.5,0
1797,R&D,"Research Associate",12,43.6283,1,9,2,17.8316,75.677,2.9,10,10,10,1.8,0
1798,R&D,"Lab Engineer",9,48.3432,5,6,1,12.8606,82.3173,5,9.7,10,9.1,2.8,0
1799,R&D,"Lab Engineer",1,36.0827,4,3,3,7.04181,70.7263,2.9,10,10,7.7,1.8,0
1800,IT,"DevOps Engineer",2,50.5113,1,7,2,9.64662,92.8843,5.1,10,10,9.4,2.1,0
