EmployeeID,PerformanceScore,GoalCompletionRate,PeerFeedbackScore,PromotionHistory,TrainingHours
1001,4,77.00484962452522,6.048587924774029,0,10.842111793435862
1002,1,67.6429697795059,8.693271231324085,0,1.307309508091027
1003,3,78.27958640734528,6.649589558525702,0,0.0
1004,2,94.38169201145702,7.302998516135982,3,8.315771030703534
1005,2,81.65240050064925,6.257553173663949,3,10.811558219103839
1006,5,80.12521864329787,5.476006853247957,0,19.803752406335754
1007,3,96.37211644702853,4.382859418592048,1,17.206832757254674
1008,2,65.68645152945572,5.417013762111311,0,13.364430473949724
1009,4,67.14400885947228,6.514136720176118,0,6.66093137435315
1010,2,63.84153529033168,7.317818768243326,0,6.235322650530659
1011,2,83.72648186480055,8.515568969924896,2,13.524766122428613
1012,2,81.66493127115125,6.331363810304727,2,16.18230587303836
1013,5,95.42736367279775,5.677058853599239,0,14.351287573473508
1014,2,82.4347507713677,4.835927820995931,0,5.792412242360071
1015,2,75.95842840520697,7.720095426856156,0,15.904005772752516
1016,5,80.01794872878106,9.074791772994015,0,14.555465802608468
1017,3,81.17707418460958,8.899495401934432,0,5.576001562858931
1018,1,63.28238726671833,8.064899122220856,0,7.294074178198466
1019,5,100.0,7.957814975901399,1,16.1309758473694
1020,5,85.19871018101911,9.546435669564012,0,10.592954789124654
1021,2,82.10008308022589,7.498122192125216,2,21.534883809818744
1022,2,86.1516398427858,7.969194514036257,1,15.006775656387457
1023,1,87.09410980586605,6.518824207222002,0,9.080212870864385
1024,2,78.59446514497569,4.956934943717863,1,11.938766397654405
1025,4,73.687588637593,5.974226649250635,1,12.380300355826309
1026,2,85.99450686321704,6.986261442198017,0,7.62965812054974
1027,2,83.85710840531452,7.091178058751955,0,6.524470810934241
1028,4,71.90109900910592,9.88942878228309,2,16.208339362856997
1029,1,94.19035611367264,7.121915751386603,0,17.071639782252575
1030,4,82.93352036322983,8.768265166038466,0,15.622688817317751
1031,5,87.29819362267631,6.347384137635526,0,21.09190856594281
1032,4,93.91920887679919,6.532486171352149,1,8.74936058393039
1033,3,80.21888821164835,5.006488544164828,1,22.045624596426784
1034,5,83.16952006984116,5.886507980685142,2,6.594473288675083
1035,2,88.10027238506116,7.79047208704563,0,5.923886619789043
1036,5,72.75138916199948,7.0113402705912,0,1.4402467071044995
1037,1,80.54051662846001,8.41440792984585,0,9.325228117039098
1038,1,81.25548586651148,7.271880922517576,1,8.977665979023278
1039,4,70.43941448316606,6.471319402543387,0,15.155623681527903
1040,5,100.0,10.0,0,13.463345649722706
1041,2,65.92706556507598,6.859144646930429,0,4.842159773885179
1042,1,67.01896096312842,8.744501454557955,0,9.643642569445095
1043,2,93.14226575703579,6.398186190182983,1,9.771227873473887
1044,3,87.13266250796542,8.06439921907535,1,1.344106518228644
1045,1,69.74035182519222,8.39202348872753,3,6.114319637919783
1046,4,86.07289015101694,7.312737955863371,0,7.375118216315464
1047,3,94.6785044499731,3.468275615955097,2,20.60175011892568
1048,5,79.69736942403014,7.027378691284169,1,13.148704295744116
1049,2,100.0,8.845690071639963,0,15.973012523684998
1050,1,62.75938189131965,7.791221249541596,2,3.008187017104728
1051,3,86.93823453859102,7.66875831284387,0,19.16528689808395
1052,3,91.66528336221003,4.416614599063721,1,19.806612378144557
1053,1,88.91343901605246,5.919317393987412,1,0.009930197132243634
1054,5,77.95644273354351,7.617036446727159,1,7.76809965650491
1055,5,77.0955851798885,7.615574915180338,0,14.974593438093063
1056,4,84.44145171087257,8.822000170199354,0,15.866330721229094
1057,5,88.1575448665207,6.782699867280859,0,7.929031617076669
1058,4,86.02473436282364,7.608736130010722,0,10.167003221678083
1059,3,90.40057890793389,7.02456136289694,1,8.415713633729142
1060,1,69.81130042933265,5.519585895247665,1,12.662508281676718
1061,5,77.72229020876365,3.6163130033578788,2,19.18307118877148
1062,4,70.59984067876246,7.646514538195115,0,7.373747057152772
1063,3,76.13887223913858,7.260920812619217,1,18.004922986610485
1064,5,90.15220891814306,6.072737436849747,2,7.309967565918674
1065,2,81.07983920725229,4.571240415226203,1,6.914236725018695
1066,3,100.0,7.944609271613107,0,16.91156771005928
1067,5,81.93406367189716,6.6011198887066715,0,17.5316182680457
1068,3,80.59691880579736,7.8353120835522185,0,17.108459620575925
1069,1,81.06182919440216,9.796072795617638,1,4.1052155506911525
1070,1,73.62191307140064,3.7878536795204427,1,9.204294131567696
1071,1,79.42163387622406,5.950598786946454,3,16.93793155201993
1072,2,91.27788027111646,6.68593658003213,0,12.249251043383367
1073,1,81.13970668127773,9.182239261219976,0,5.557842922815215
1074,2,72.06540270116528,4.545395471190273,1,14.74990763475265
1075,1,70.74915379521364,9.903791538520906,1,7.711156446051177
1076,3,75.49798108334157,7.203783852349436,2,22.76714909035327
1077,5,80.7386343441088,6.8559990073992125,1,21.26904877450955
1078,5,91.93586535476263,6.702910355171641,0,15.624584558133403
1079,1,66.59511358633563,6.3456054517299565,1,20.16604022861864
1080,5,76.80173722111243,8.572175138903733,1,12.388748100740287
1081,1,81.44310019435079,5.397218868876342,0,16.592624966250096
1082,1,61.66294232370565,7.51812127246578,0,20.86632177181245
1083,4,71.66401717033594,6.4237275014395365,0,13.472992090765876
1084,4,73.20111460263814,5.856799827228853,0,10.468876970914298
1085,4,72.04029626149502,10.0,1,1.7722682509373051
1086,2,81.91889545021647,7.62857610213019,0,11.501198845671036
1087,4,78.39440390498203,7.919898316991715,0,16.94053910737387
1088,1,74.44713897398964,8.706665171002994,0,17.673800565405777
1089,3,84.27962626552635,4.867975082022179,0,15.026190394310458
1090,4,97.2307471764625,9.628437863683047,0,8.75220543022656
1091,4,96.39256516741753,3.236564232257386,1,0.1390705863144568
1092,3,60.77228227937664,5.846850384942219,0,9.02870941197159
1093,1,85.77072183835139,6.311452490231649,0,10.173930773676291
1094,2,78.21976709936162,7.872585047455759,0,10.122426196859916
1095,4,81.55155342865356,7.328077399212232,0,15.711338141867547
1096,3,76.01716966457451,6.74977788895241,0,23.91405846608904
1097,1,81.17588629887203,6.982003983058414,0,12.741175211046558
1098,5,81.51407396072018,5.532965464716147,1,10.69960926506123
1099,2,74.21048242651077,4.75415140827374,1,10.444669121975444
1100,3,71.03632452174818,8.08976743350409,0,12.746308601446286
1101,3,75.51304317380516,8.040559168804277,0,7.030237437909606
1102,3,82.34259264456766,9.376741562735589,2,12.72119135247633
1103,4,85.98996341684264,5.814974354777188,1,14.704874017990798
1104,5,88.53348977340147,8.039222815451383,0,13.258116381446929
1105,2,75.05809976933088,6.574439907452902,1,14.745251604028688
1106,1,82.83844567302737,8.785712477790224,1,14.602485656091211
1107,1,89.62502591953299,8.532944165017213,1,1.3686199065213387
1108,5,91.65594895144127,7.316814098836685,0,15.82122095037242
1109,3,79.41167145868478,6.49070476500102,0,7.973910926025278
1110,3,77.79068275060388,8.441398267912392,0,5.424965021976252
1111,3,81.91124233836392,7.9703567848848484,2,5.373289032870023
1112,3,68.50292527102594,5.973339396870726,1,14.601249662835176
1113,3,78.06390488964492,5.008301989780854,0,10.664550436650883
1114,5,87.4458639847313,6.567200648977305,2,1.9081872960875366
1115,4,86.41947129443702,9.273120723022313,2,14.8682268911537
1116,2,77.29732395636111,8.719730738099557,3,3.3623512152070365
1117,3,82.17718201087166,5.331508795494129,1,12.838928151109265
1118,4,71.75349659709312,5.248363876150118,3,13.430993554038325
1119,1,87.03492148225025,8.912025774519229,0,17.31346249017027
1120,5,79.22178563863527,5.2965461428632565,1,22.69010871880111
1121,4,77.24048548303861,7.763942985463012,1,3.8119420445967496
1122,3,76.38276163906613,6.075893176995514,0,11.685156863621703
1123,3,79.37106133100141,9.425567386782523,0,10.341988229734696
1124,3,75.52122355068042,5.844362801293181,2,14.602498115765773
1125,4,86.58143036002564,8.715042295308741,0,13.294012625601711
1126,3,76.04716451983819,7.277287981090547,1,9.884722543580281
1127,4,95.92964096027382,7.37829228135143,0,9.354586868334867
1128,3,94.65210503481381,4.044537127972898,0,5.301294868895715
1129,1,71.08456510145496,3.695629970191422,0,17.927169494439056
1130,1,80.6970426942928,6.669151089599029,0,14.755225089597175
1131,2,73.49343378663805,7.370359095124917,1,17.506609186770824
1132,3,76.73352436811389,5.312203258393415,0,10.137623181146918
1133,3,100.0,5.366959884285487,0,8.058987187833416
1134,4,76.924285828842,7.842208944739199,0,5.530109600224633
1135,4,83.60226037077429,7.844281720685696,0,14.153505502443958
1136,3,85.41321294008279,6.793388409418109,0,5.761240652830592
1137,2,69.9937062751676,8.170302581779112,1,23.091978413799303
1138,3,71.44904525590795,5.2386965564197805,0,4.154144513439357
1139,4,67.93977628591881,6.466097624369544,0,13.641960715275012
1140,3,71.14029266102223,9.47181640867551,0,21.401128243282717
1141,4,51.49969890682818,7.102483194909726,0,15.594538555582854
1142,3,85.44582400793628,7.189468771880499,0,13.054042274950676
1143,5,100.0,10.0,0,6.189098118228626
1144,4,81.47820739036527,4.900986751226844,1,3.7093848685937765
1145,2,65.83731140659393,8.194645549963166,2,16.620300653505517
1146,5,73.57223617100053,9.49597941971215,1,21.03688344464968
1147,3,75.41123154975003,6.5127131102521805,0,9.366900057130971
1148,4,69.82415222786625,8.289446180282269,0,5.165630954301894
1149,5,88.60182638395156,5.526970754183643,0,0.0
1150,2,88.10260044375335,5.969901406648972,1,6.115410938024774
1151,4,68.4454820618234,7.577449624071452,3,11.31805894500576
1152,5,87.25081044447508,8.197850009665885,0,21.594739445020405
1153,5,95.26812663577266,8.681404768609369,0,16.03880215339781
1154,5,99.02558205229559,9.35444288040924,1,13.830512428240517
1155,1,100.0,6.8988301621672266,1,9.599282032193214
1156,3,70.98007350556803,8.790417632758881,1,8.501005696464262
1157,4,100.0,6.486542734826276,1,20.433885585047783
1158,4,76.45793611491212,8.353136967382403,2,13.204431244550337
1159,4,74.07534544619486,7.311233196778272,0,0.0
1160,5,83.27072374877845,7.668516860622886,2,7.958762112616543
1161,3,74.17938665906988,7.635261811033056,2,6.8507038093702395
1162,2,83.99044140646527,4.592942485303282,1,8.72241594493521
1163,4,66.79922812262699,5.31381721170884,0,15.37746396171051
1164,3,77.61247397936566,7.153812159726284,0,11.355330709234504
1165,3,92.8558223436168,4.469081380538247,0,11.538807557978028
1166,1,79.42938708568845,8.246816654799634,0,19.88083896795142
1167,4,81.41595786739883,8.307333949432213,1,7.82123346127987
1168,5,84.75258604717311,7.490755829316686,0,23.185197155324097
1169,3,91.70661629317661,5.318298980863117,0,7.972154451773483
1170,3,63.447752878105675,9.070208408302772,1,12.535189179675427
1171,2,85.84524051837435,10.0,0,10.3127784275834
1172,1,77.31860860758236,7.220615241168961,0,12.740514801005766
1173,3,81.66637895311838,7.765803067676854,0,14.667551970438774
1174,3,90.59950169762377,7.302607982194066,1,14.603011440533258
1175,5,68.05813348588156,7.795553783498199,0,7.48129601627652
1176,5,69.87355558556911,6.820661865060406,1,5.262511935314576
1177,2,60.645700402861934,6.948153640234295,0,27.019030745434264
1178,2,74.50841058236223,8.358576400746049,2,9.096093962396681
1179,2,93.30432344378816,10.0,0,16.195274632031918
1180,5,78.79412811526531,4.899893148397392,0,2.3541521368608187
1181,5,66.59875104345214,6.844281273395549,0,10.32232368057194
1182,1,75.14321255424953,5.229309272151877,0,11.236803696105342
1183,4,65.12138296509377,9.388037347864126,0,14.836890419566995
1184,4,68.74813898268839,6.118393046020152,0,0.0
1185,1,83.88818910263713,4.835198809321309,0,12.996843678469984
1186,4,68.26126673693972,7.95728049827286,0,5.101551267792643
1187,5,91.12634305203302,9.616466672114667,0,13.946074267169543
1188,4,79.28879709169664,7.995396802841144,0,5.782024818971022
1189,5,80.85594703944525,7.307196815922876,1,6.867103824446512
1190,1,77.21627032392107,7.613711384163991,2,10.358234337640392
1191,2,87.72847838543723,9.122260994238331,0,5.686023182380828
1192,1,87.8315988777701,5.688701094978775,0,9.146793319587871
1193,4,83.35054351912171,6.83222934387053,2,4.839745388740108
1194,5,85.64789105907649,6.3209647772357,0,1.0009772898076346
1195,4,77.87910330079575,5.248202039062434,2,18.107742314576157
1196,4,85.42203006909048,6.507437110874797,0,4.22370784305643
1197,2,76.62122224526193,8.661581643973673,1,10.927914674352099
1198,4,80.02231622162402,7.849903222589088,0,16.51734648896271
1199,2,77.25356250633702,7.966465750162301,2,8.310335384903741
1200,5,75.42781460680804,7.219713417479977,0,7.049004601526772
1201,5,73.1088820227821,7.784985674092883,1,13.35742853200453
1202,2,84.67690103858885,5.799114486477842,0,18.70760293636291
1203,1,93.10605912813463,6.535735171109156,0,4.984108409481187
1204,5,91.71101971669559,7.288006355453015,1,11.099113007895367
1205,1,67.43434664054564,7.416273788322835,0,1.6050324301960366
1206,5,92.89203051406874,7.48028178238281,2,9.64079397790686
1207,5,76.81841498382072,6.792497076975433,0,12.205228107228452
1208,3,86.00733015145592,6.433864898304505,1,6.872252149469606
1209,4,70.9378466795279,10.0,0,9.258048997048611
1210,4,81.41979913874005,8.360180909398597,2,3.5506393901553004
1211,1,83.13723182896908,7.619721213928933,2,12.462471668288961
1212,4,65.15395208080348,6.650187252690409,0,18.334165493298897
1213,1,86.08267166344189,6.323171759584185,1,5.417136781377218
1214,5,93.45935007838315,6.8037991094095664,1,8.263969400685703
1215,3,78.25352054318373,7.439243265380025,0,15.01527747872509
1216,3,93.60168130828013,4.1793466839053774,1,19.272544315936415
1217,5,78.10306506547593,4.645915606937974,0,3.040861126746412
1218,2,88.49584531046617,6.044676416591564,1,10.987291575504305
1219,2,57.814300340489005,7.310709155167853,0,13.69878493391715
1220,4,100.0,6.641090279272223,0,11.387661656226912
1221,1,94.95458245242958,9.217181839149227,0,0.0
1222,3,77.15374495746322,4.776404819506347,0,15.006540055852632
1223,4,60.279109733561825,5.872981795594944,1,21.116018106543866
1224,5,82.8802836830549,9.280137611486651,2,12.69997050701702
1225,3,65.56074452926244,7.19667898701272,0,5.813363680234421
1226,1,84.44853537557488,8.327263874201737,0,8.9212365218143
1227,1,84.11565719164282,10.0,1,22.619478405933556
1228,2,70.58596830997975,5.959293373147267,0,17.45977524516335
1229,4,91.20967023614378,6.851028493311952,0,15.840159710305976
1230,5,88.05574702806173,6.591359648603692,0,14.138475501206257
1231,3,89.75823337288563,4.0681104932750864,0,8.033177326854165
1232,1,80.08857703668896,6.534404794366046,0,10.796572916065388
1233,3,65.84475933086293,8.321593281070998,1,11.532463585928905
1234,5,89.77872272211138,7.810884312718361,0,15.297445896386664
1235,3,77.29628600864208,7.928624754082016,1,21.053513365601418
1236,4,66.1021985680733,6.4367365290407506,0,18.71002882075877
1237,2,93.52039365974326,6.015854145991538,0,3.4836938652237563
1238,3,100.0,8.903883507847931,1,13.343969813406293
1239,2,79.58751871020797,6.254024280463495,0,16.420580071007382
1240,5,100.0,7.441123058189821,0,15.713161980867813
1241,2,80.9131472861135,7.245002021016307,1,8.224597419675483
1242,3,76.19544095833649,9.192575524385678,0,29.48465529461017
1243,3,73.69541545814522,8.45711853650854,1,4.337492626013287
1244,1,96.37082407992742,5.057112068999318,0,5.5008693200037
1245,3,72.19856118612228,5.21867024983744,1,13.401570487569458
1246,2,87.35269309974987,7.868364727103701,0,24.70081832978312
1247,1,74.40836164940792,6.90349352893125,0,6.982830895774975
1248,3,75.39693237425637,6.317242324069354,3,10.405029806118046
1249,3,90.30249693969567,8.523441825991707,1,18.463762038094156
1250,5,76.19963153710647,7.281189073133366,0,11.892827070673599
1251,1,75.95204620579707,7.078686080334166,0,9.992376872818227
1252,5,91.32804697174807,8.169742961132574,0,15.393797411320321
1253,5,95.97397293221623,6.437336507584654,1,13.635107941377559
1254,5,86.44689803284233,9.352778478208831,1,18.182632713820748
1255,4,73.45230224376051,5.817928565150488,1,19.74881333439218
1256,5,74.8939150070242,7.985393599513133,0,13.84201836003217
1257,2,80.79915263740037,9.150749257989768,1,13.750396352269854
1258,3,83.20930061925658,4.93405676609185,0,13.2846658937168
1259,4,70.12134089860228,6.484997236221326,0,14.934783339895725
1260,5,87.23037939579864,8.713311089328336,0,12.331023827228783
1261,3,80.85513329639599,8.735866821596538,2,11.996349106066264
1262,1,62.84291681361871,6.742756599417641,1,19.179762724963453
1263,1,70.7107351753927,5.897993359484711,0,21.09669708213026
1264,3,74.95871326348336,8.433903733496143,1,2.954682332199475
1265,2,79.27142311158946,8.775323653872407,2,12.060126910443415
1266,3,98.89278795503996,5.253004977231408,0,7.867833399328592
1267,3,82.38171306139628,5.19412952655043,0,10.134171201083566
1268,4,71.59228110101375,7.337885022975399,2,14.41509725841193
1269,1,82.20630804307163,7.9440409501433376,1,16.01663022925481
1270,1,76.4791225254612,6.551396372154918,0,11.32724133833193
1271,5,83.24758239533541,8.018940729973524,0,0.5199579916631833
1272,3,85.80567687035615,5.934795089743927,0,6.209726516542922
1273,3,92.09230647223939,3.827959601389397,0,17.378998021200996
1274,2,79.75713504329974,6.3641483915011055,2,0.0
1275,1,96.38960527599833,7.094848219769652,0,19.124562910092
1276,2,89.08022662536192,6.5862400601553155,1,15.127379943867247
1277,4,72.92560455187812,5.262095104510772,0,19.89705648918013
1278,5,100.0,4.276526536181773,0,10.808584878714237
1279,2,83.26994513270098,6.228866793448153,0,0.0
1280,1,71.64875496027764,8.346483657474616,1,14.582175849038988
1281,4,96.52913051230422,8.884296159120524,0,19.647918744230047
1282,3,100.0,8.781570076207682,1,17.548330833080527
1283,4,79.6697473628044,5.77613569727717,0,8.023851099071788
1284,2,74.96349739624404,5.269440514554454,0,12.52056645277588
1285,1,78.27625042546337,7.744951922469843,0,8.802982387320457
1286,2,87.147317275177,7.952650017396888,0,7.084401214863767
1287,3,92.77856655030514,7.600254407800746,1,17.732331427079107
1288,3,85.70487330863574,3.978905088643355,0,4.814806132409027
1289,1,81.0172320847177,5.6996731226748,1,6.637101416510324
1290,5,94.98011770304427,6.955466814571032,0,5.375846199165688
1291,4,76.87163526948478,7.730827291945641,0,3.0585148602057206
1292,4,90.30919338366907,8.150961043903731,0,12.87848575105562
1293,3,77.11937201648722,7.21638028342306,0,18.969018290891857
1294,2,84.31022958010894,7.496175709807354,1,10.890739462528407
1295,2,78.86437435209548,7.127298187541657,1,2.9655131966150012
1296,5,79.44147817347189,8.028429061327724,0,17.039667238452164
1297,2,76.2261348253779,7.469298477236366,0,22.11421052420983
1298,4,93.44854031180694,7.098606490070931,1,8.122546055120432
1299,2,72.67073961891465,6.597446801293929,1,9.12867439969369
1300,5,72.59767747451292,7.121937137563721,1,15.093963780500365
1301,4,100.0,7.726887068258912,0,21.731242486710308
1302,2,89.77847564654331,7.401213083347092,0,8.880995125648642
1303,4,56.14886301306964,7.571239627517881,2,4.0053013140107705
1304,3,74.34741260789596,9.014082792026779,1,15.78851163763444
1305,3,61.88010662437946,7.397745884119881,0,16.794408438853797
1306,3,70.49309306584745,6.026502219290263,1,12.03678870261136
1307,2,48.6148533376596,8.325410178991254,1,8.651200442055297
1308,5,78.63010422306057,4.950702493496624,0,17.96627238595228
1309,4,68.58058180838688,5.377879928891069,0,15.168216027287786
1310,1,80.59905256796438,7.503770897080104,0,7.389386898579042
1311,3,63.74878741117475,7.774595001679868,0,12.29456838783403
1312,3,80.8291185317204,5.132423164744008,1,3.889754807852121
1313,1,75.85083721879673,6.425773778519875,0,16.115342738627522
1314,1,95.01952965188596,6.090874251670512,1,10.426598583702864
1315,2,94.11356861745625,6.269985515677605,3,9.385735005691577
1316,4,87.85345603010283,8.41539666440942,0,11.802753089085394
1317,3,76.73386219338788,8.059758195320878,0,12.241846195981488
1318,5,99.85380395260293,6.9713167302194385,1,17.36958036939336
1319,2,64.46964722160179,6.181057109327608,1,15.546543187951329
1320,2,65.96441370436338,4.975525494669789,1,11.061544327243183
1321,5,79.16216900110935,9.130277408172923,0,16.582008898313973
1322,5,100.0,7.888170850427377,0,14.404423522149678
1323,5,77.97661093129912,5.939996343890289,0,9.440402182283778
1324,1,78.16754756790718,8.079399246437337,2,11.251691050581085
1325,3,65.58089643888191,6.894664569138062,0,11.110662666941275
1326,1,89.45929585270379,6.569335742706485,2,15.03156805904521
1327,3,89.53176254329354,7.652817292434404,0,9.79786431167015
1328,1,87.8907520139991,5.887752625130913,3,9.6575448814702
1329,4,73.70779327152637,6.484365220734835,1,23.812543856603753
1330,3,72.93293231626994,7.182191596299319,0,17.638412890482627
1331,2,67.0687774959503,6.25082321067218,1,7.436396013449166
1332,3,80.83872501760933,8.003627815401286,0,15.42564596365319
1333,3,69.19592670721498,9.803599755517391,0,12.710100393931063
1334,3,68.22583494750711,5.868552801089286,0,14.349307051560563
1335,4,75.76309283089324,4.502312055543934,0,12.824047947390627
1336,1,75.10843824815784,3.997389748785608,0,19.137855872911416
1337,2,74.62021471178045,6.774297787757527,1,14.073722067908676
1338,1,84.66444596840262,6.005253114810726,1,11.627467810714275
1339,1,80.79047802150279,7.311790751600621,0,18.253143461898105
1340,5,77.11843969488882,7.198896508039152,1,13.399710246527231
1341,4,81.83012928311481,4.595174730078856,1,12.728871475974348
1342,5,70.08472958895368,4.277674255777891,2,13.884135614916687
1343,4,81.05278623909678,7.443899860519143,1,11.438345859801801
1344,1,81.50602492844634,7.203143252079935,0,12.055361957972814
1345,1,64.96953140642519,6.361273002450173,0,8.479832467428764
1346,4,89.95693754370362,4.514284622301544,1,7.492996682256727
1347,1,71.18566294773004,7.707086894147486,0,6.008577681105363
1348,1,80.90309799206435,8.907849318135915,0,3.6481002792175445
1349,2,91.6441174053527,7.416973660328384,0,6.721695831692661
1350,5,89.25676757713869,5.728789164152403,0,10.954397793198446
1351,5,80.34333388568835,7.066828248356727,0,12.618705494673822
1352,5,76.37500997117931,4.950828878599473,0,10.372220621114156
1353,3,89.47511908575567,8.586941070758188,0,0.0
1354,2,86.7469497780862,7.122766501794308,1,21.447518146574055
1355,5,73.81634979955871,4.347764632370152,0,18.51888073734229
1356,5,72.0510635299831,6.548988459334476,0,14.674559107302773
1357,2,59.27644818304002,7.694952265351346,0,23.444944035319608
1358,1,81.54031841683587,6.500428568536717,0,6.135815295097736
1359,5,79.17302254981601,6.586156417839739,0,23.325750723756027
1360,1,91.36191374642542,5.163396689429092,0,6.208715539496712
1361,5,83.59055093480367,7.849811480622484,0,13.43242755174814
1362,4,93.3422919417269,6.0272961999712935,1,4.356976049194774
1363,3,73.02635772083829,3.765331934492451,0,12.088164573266202
1364,5,91.38150330967619,6.443113943994409,0,14.316998987990331
1365,4,74.71083620895345,8.47172457335553,0,11.071858013192672
1366,2,87.77596061792272,6.419605830100079,1,16.283264664540823
1367,4,65.41241607469307,9.60697747768528,1,12.594086696923544
1368,2,82.35135299366189,7.643451922822775,1,8.865511629734945
1369,5,60.153120585540904,7.508137243420549,0,8.599120093185965
1370,2,77.32862514058246,6.807402601123587,0,16.86548263569418
1371,4,84.40353993877913,6.897570688353564,0,8.077547821158195
1372,3,74.79031448768905,6.604864547320744,1,17.492417822909623
1373,1,69.49562371244033,6.54659591187621,0,19.336270756991585
1374,1,88.46118469295934,7.796300743100723,3,1.9877168259232203
1375,3,78.96537210153076,5.596253155314152,1,18.797558323806207
1376,1,75.10429352969328,5.3861592569136105,1,24.362536190668195
1377,5,80.41895921154277,5.3152074236869336,0,13.51202256721157
1378,5,100.0,10.0,1,15.594505111768934
1379,4,91.53502849781543,7.79551435250587,0,18.22203194621495
1380,4,91.62573668187841,7.456738302520217,0,10.347106108925866
1381,2,84.35546318992364,5.413727994559853,0,13.093681341227217
1382,4,81.66485272577147,7.935013451012242,1,4.114802822261344
1383,5,56.03917711669584,6.825142980320007,0,12.831810171182706
1384,4,73.21019653536868,7.321253411697625,0,14.988671973867248
1385,1,75.19425586797526,5.535069526204666,0,15.096978137558816
1386,2,61.25107935952467,7.240403286126365,1,18.39254834158548
1387,2,68.42584209784566,6.364249692690275,1,7.351186931186826
1388,5,60.19163529077366,5.851583264454718,1,8.804359459959022
1389,4,79.61676164302628,8.101159503710873,0,23.37304407594813
1390,1,88.18765970848816,4.693438287204996,0,11.098029757417741
1391,4,91.06774518624329,7.847164396471226,0,13.200202723873968
1392,3,84.14784462079241,8.026729200329495,0,11.597939749648674
1393,4,70.36603658801431,5.680534486673139,2,7.069915042169866
1394,5,60.6793484148004,5.769507308301299,0,21.741175265350837
1395,4,62.43131300598498,6.665461478100397,0,8.833791528476365
1396,2,67.31017422745501,7.423054315693331,0,5.2362868577584205
1397,1,71.11140301964325,6.770717512278662,1,9.29555833618349
1398,5,78.40251502008414,7.650343690287819,0,0.0
1399,3,69.85835781873031,9.644469478806098,0,8.092275210100908
1400,1,83.38975893668261,6.2384248462754295,1,6.191228412886041
1401,1,77.67726497200528,4.427230043944869,0,15.704571785563946
1402,2,80.10545711741025,8.23888537454598,1,7.9595145626407655
1403,2,91.40250552671205,9.524971863891295,0,17.326823613473092
1404,2,68.1976826579963,7.589152544576686,1,20.390903958415926
1405,5,84.18704578292369,5.368376986969498,0,16.687052017725595
1406,4,79.86026771523926,6.8141614551471985,0,10.707670266839541
1407,1,76.66513719030304,5.322214773682552,1,12.846686980233558
1408,4,88.8525632086596,7.964283240944422,0,2.850090359135642
1409,4,88.79014154557007,4.973064395952348,0,11.197323764872563
1410,2,70.53509204011571,6.5498068197577,0,6.837369191599001
1411,4,78.17839416142075,5.4934932605591404,1,16.165958286895794
1412,1,82.81211682584065,7.190237027702443,0,27.436514335466843
1413,1,77.26993251977416,6.4504874842933635,3,14.998929815842857
1414,3,85.85021332287798,7.265143154875396,3,0.05315910627200182
1415,5,82.81192017910276,7.033525832449548,1,9.832618842513762
1416,4,98.32561240356013,5.520011458413834,0,12.734945552246728
1417,5,64.69720864070213,7.940315595293533,0,12.524144551561582
1418,5,78.77564010252603,6.926851522235327,1,7.615121246347481
1419,5,70.91497488487809,5.51720648820115,0,13.471750455821612
1420,5,86.04107455439043,10.0,0,4.544994978483676
1421,1,63.828281099544554,7.714645250075687,0,6.3305476638895986
1422,4,83.46312710224886,6.770109169901041,0,15.874785849622269
1423,3,73.69951568651659,9.122806790052735,0,5.906020614721045
1424,5,72.65838133878987,9.762723414079911,0,15.229269632953542
1425,3,65.53501796459312,6.781975866529172,1,3.7832173520636516
1426,1,75.34924053798994,7.521096229652143,0,22.588955302750417
1427,1,90.84500530290926,5.517995772995588,0,7.354380465575672
1428,2,79.7481131647052,6.779210873847982,0,10.658000569179336
1429,5,86.27680417874474,6.701406169360196,0,13.983679566542435
1430,2,96.64641821966275,7.277240550432481,0,8.607900284993434
1431,3,82.63755584822576,7.499140717955515,1,12.860435766427827
1432,4,74.41200427937659,7.83974267324209,2,15.452140347120753
1433,2,84.6725221518279,7.356463984449938,0,17.76367939502091
1434,1,74.55703853685708,5.183886060056253,0,16.748984615837742
1435,5,74.95577316702831,5.592299341388372,0,10.969137217183956
1436,3,64.80107200381015,6.1803885708044906,2,11.120209355738385
1437,1,89.26257491084392,6.576639112115156,1,26.094651348150194
1438,4,76.1399742435056,8.576161435708169,1,17.69933440949575
1439,5,81.82098245815862,5.25559151972063,0,6.469058062078718
1440,4,69.64038071393361,6.463877427743951,3,12.59992898259331
1441,4,84.35947629715473,8.429514247321075,0,9.989141167330844
1442,5,72.38058761864916,6.550183788255081,0,11.187994596461342
1443,5,78.58291278298175,7.690623474764236,1,4.623029053751472
1444,4,88.77826031239125,6.790686935608145,2,9.528460593684281
1445,3,87.9075931223253,7.385174885987084,0,22.86933463916348
1446,5,79.77969927483059,6.657291184285689,0,15.474457805253017
1447,1,62.31868967293282,8.00059820909253,0,0.0
1448,2,100.0,4.682415388890347,0,19.300340954987682
1449,3,97.45858970273136,6.455031987417183,0,18.537777137454967
1450,5,87.22674824888298,7.444859015041462,2,9.844288174161502
1451,5,72.4679621840903,7.80054287200929,1,16.30358126269929
1452,3,78.86407838298035,9.239428934130741,1,6.843604735096796
1453,2,74.56579570223484,6.413462999701635,1,9.178465702401855
1454,4,92.63855939096388,9.219222642791308,0,20.99127816401912
1455,1,82.62502890851835,6.011464260010494,1,10.369619760781749
1456,5,72.15836141640168,8.992969617316966,0,0.7816100282700535
1457,2,75.29244900875219,8.226200690047559,0,11.620180663311979
1458,1,91.21188142569905,5.629812130551666,0,11.528469642513858
1459,3,96.00097846820478,7.460558855877733,0,19.190211416240757
1460,5,95.28331563486246,6.923146246701712,1,12.08601853305456
1461,4,87.57032065053977,7.938376890512501,3,9.470506131358244
1462,3,77.47375131197363,6.6650926173500356,0,18.270336871387236
1463,5,47.584861746708796,6.539130661507403,1,12.724741395006662
1464,2,82.97160023808222,9.053641874144276,0,7.499863910605698
1465,1,79.981712411559,6.851918658316491,1,18.929985363249706
1466,1,81.39982096321354,8.23963348628765,0,13.161970587100795
1467,5,80.53897347033207,6.661972772433701,0,12.017555800076627
1468,3,66.73737838050843,9.499994888841286,0,13.067450348469926
1469,4,85.57408556851186,5.98249805599676,1,5.575989771500418
1470,2,86.32216314031851,6.078784703129223,0,8.834077342929977
1471,5,86.8233878205966,9.286775771673854,2,12.0214956109967
1472,2,89.46577003573387,6.332580413657121,0,10.832017829851921
1473,1,86.04051644921623,9.401611459246588,2,19.63457029689957
1474,4,75.8997058846109,8.33776086939222,1,13.30443511636202
1475,2,79.2916315208391,6.76802544015875,0,17.129423535818415
1476,5,80.91124867253377,4.280059791974262,0,12.056372127455097
1477,4,81.07699449106619,6.971022543592246,1,18.33773090247674
1478,3,89.9821765597173,7.152445080300137,1,14.385166539438924
1479,5,86.4366875302249,8.750826599956559,1,12.08052291233076
1480,2,100.0,9.382670764360167,0,11.920301466245883
1481,4,100.0,5.9725192312843784,0,6.27336824225422
1482,5,80.79649582613925,8.201772645982274,3,15.041494320817865
1483,4,41.6334445154063,8.148103234020024,0,11.758771592781727
1484,4,92.36832466127267,8.610119053615668,0,8.988048238912771
1485,4,74.59623661012945,7.748034868203317,0,18.63877062487243
1486,2,71.98516078168993,4.086253463557345,1,4.498703844631192
1487,5,76.01554725010634,6.76686635120836,1,9.465024627405397
1488,1,75.53356953185394,5.266438637624628,0,18.1663124926772
1489,1,86.12269810105393,6.696091340622889,0,13.89313764552152
1490,2,64.40564220873775,8.47000635420084,0,11.712846434083456
1491,2,69.22279254208398,7.457726253812459,0,13.50602125890088
1492,4,83.43158554197417,8.72213629959615,0,13.076485026293048
1493,5,86.22944030413308,7.512630881070309,3,2.9000247222844724
1494,5,86.41541644936012,5.052511090496646,0,9.904428687912231
1495,3,72.12963721066701,3.2187294901408983,0,21.699129927082495
1496,3,70.2173435073376,7.223213142519386,1,8.044055191336994
1497,1,74.93365166212081,6.679110300473252,0,10.090193915373996
1498,3,82.39872752284725,5.534581390927177,0,8.750275420144874
1499,3,94.8547736927255,4.449059125522933,0,11.477908660091176
1500,1,59.5256281422925,5.897885179790936,0,8.501263012054212
1501,1,77.79271243041633,6.708262772702836,2,14.92044901294836
1502,3,66.67321558974797,7.998816735559585,0,13.183880473741599
1503,5,63.477573226465104,7.28294662235197,0,16.641285690642107
1504,3,89.66956645344817,9.412100870759094,1,5.694353002866237
1505,4,85.44624574499339,5.446593915931908,2,9.957957102702581
1506,4,84.49433515947263,8.32158833808615,0,10.64566421032719
1507,4,89.21025839730993,7.070948114693092,0,14.733881460531569
1508,2,75.20281103233864,8.042003686177877,2,7.240672816757794
1509,4,75.67362483666471,6.345227705101685,0,17.493922825550065
1510,5,100.0,8.607520560835885,1,19.118493543105654
1511,2,77.53428945740426,7.442837137517865,1,6.066765914186497
1512,2,87.35132113054091,5.980832522623376,1,9.054762630638606
1513,4,80.06381540963315,6.981963956630218,0,8.808410950247445
1514,3,61.51741469921585,6.64066621159435,0,27.79431722806499
1515,1,59.553709961987316,7.73376752595669,1,9.42059936875268
1516,3,74.21015780060095,5.230334875938237,0,22.06575265293681
1517,3,90.56101251669989,6.9559724468264585,0,4.400208029360343
1518,2,87.88291656636004,7.592960878973996,0,6.062094203013819
1519,2,89.14077164224034,7.04953496078955,0,7.880372808910796
1520,2,70.12953821063685,9.020411866583494,2,6.925864131320866
1521,5,96.15872490122314,8.161034161106578,0,10.392607595049007
1522,5,70.35106699813616,6.98877880488888,2,7.747330783671011
1523,1,82.12824398669969,7.32503364624651,0,7.083950443592559
1524,2,79.89647710092264,7.443498327223,0,18.950831978839965
1525,4,78.26126179685414,7.6049494062502365,0,19.34276173507899
1526,2,93.38592138295607,4.261513006503089,1,17.695778990251895
1527,5,72.94889479834039,6.547710556345979,1,15.143993733505969
1528,2,66.50394744288072,4.77334139770986,0,12.556458394677314
1529,5,80.19995486206419,8.91742142118923,2,9.017815856004548
1530,2,76.00173265713474,6.9087257199956085,0,6.281054971469448
1531,4,100.0,6.7099885754805655,1,14.177974220596123
1532,1,86.76507476439976,8.345195998049853,3,4.958217644719213
1533,4,75.90659424781376,7.633487196174812,1,6.03647442494764
1534,5,69.43888430812913,5.3070482284311895,2,18.917479537228857
1535,3,61.19711589431215,6.893641956208946,0,23.40389425033252
1536,4,69.74780914262567,6.497249540160423,0,14.359770828998885
1537,2,81.14941771759132,4.383200667090919,0,18.638742913767864
1538,1,94.27328651594769,5.964585650144193,0,10.5249100953361
1539,2,91.21689142387919,6.724689516975301,1,3.973954883473894
1540,2,82.2909483164638,6.827573602762236,0,15.673029711711504
1541,4,76.76832334297515,4.776652864484037,1,15.415735939620383
1542,1,82.68812356412154,8.727498374571214,0,12.430011323281464
1543,3,74.81362002515424,6.846845411662842,0,10.545747251369331
1544,2,97.18363995763876,7.056329614990845,1,17.773263471486587
1545,1,78.1080981872492,7.600962457509755,0,6.085601799435153
1546,3,79.13662141753274,5.817885619144493,1,7.357316526656053
1547,2,57.841775749793314,7.684533959699045,0,5.951360959437432
1548,1,78.04565153477236,6.449388030972726,1,12.509837775814963
1549,4,88.3648413796494,5.655121689029213,0,5.47264192734445
1550,2,69.32277422961455,7.8601712400330985,0,7.8945469169085385
1551,2,72.49279665507187,9.237510788202712,1,7.765466626636813
1552,1,87.92711017733664,8.087244060228748,1,10.436350005996252
1553,2,65.23342776481947,8.384466347710646,0,3.075753321576139
1554,3,90.57801007541919,6.219054090156551,0,12.523229952223602
1555,2,74.67856109826899,4.603570406247315,0,19.483821903988066
1556,5,76.11431779508797,9.235206283149761,0,12.812948233900572
1557,3,68.76121594874405,10.0,1,21.247926868807923
1558,1,83.78046260427884,9.314210160654524,1,20.00398911526155
1559,3,100.0,6.496321091530375,0,16.666410283487128
1560,5,87.81497239460631,5.268048491906733,0,12.448115055821313
1561,5,71.35714738059464,5.4014759532706496,1,12.135002329472638
1562,2,91.35620585491476,4.474401148578927,0,16.58279863417956
1563,2,76.8332045406575,6.838932072384932,1,9.649976342975805
1564,4,93.7448498142756,9.408516937123682,0,0.7048754911952173
1565,3,88.06676402164362,6.7875060521916355,1,14.95202432461776
1566,4,50.568584345282666,7.453484350522412,0,5.2135882203901724
1567,5,69.95920367044972,9.063395446456312,1,6.227152630857692
1568,2,89.4438522283539,6.3938570322514,0,12.001343687974728
1569,2,81.51657272145017,10.0,0,11.429250734679181
1570,2,69.7624405229215,9.98814161124618,1,3.527546362106218
1571,1,73.66410484506187,6.803332991979276,0,12.992949384798841
1572,5,60.937633799106194,6.1336986039711805,0,17.79683796516629
1573,2,79.11626712473604,8.04585706958547,0,5.229950578405303
1574,5,100.0,6.478712586221713,0,19.634899985092556
1575,2,88.04933390732326,5.265167174398996,2,2.6389750492203365
1576,3,100.0,8.92185798028447,1,24.70394486622572
1577,5,88.8239708978998,8.82467108091562,0,9.5324374170991
1578,4,90.27479343352692,7.233267405645341,1,12.873701980961348
1579,1,99.74078687745023,5.105702869407733,0,0.6477985650859797
1580,4,83.77263259342226,5.1557106231739205,2,11.627183601184148
1581,5,78.1277267849312,7.160843932628729,0,13.37089306630915
1582,2,90.32657516622012,6.2501934482424515,0,11.483027375403033
1583,5,94.53840237121885,6.488360601787588,0,8.621513537685757
1584,1,75.20035357287792,8.532944732590005,0,6.320612888833111
1585,5,72.7843091765997,8.099768976133836,0,18.783159717223867
1586,2,81.3885603243088,9.06721402074642,0,12.184842809987702
1587,4,88.31498866931662,5.514065164934113,1,21.244514259100633
1588,3,87.98091048661561,6.4852126469699325,0,8.84110587123046
1589,4,65.75832399812401,8.138472543190169,2,9.391231839766698
1590,2,99.11606067063322,7.672117511519337,0,16.893565467576977
1591,2,73.58835070603149,9.298570573881433,1,2.2621502279786156
1592,1,77.34935003111421,7.630805058856104,2,4.719219839082462
1593,5,70.9734564001218,9.772163656158328,1,18.58490982811898
1594,5,100.0,7.810026702584711,1,4.968396424660831
1595,4,82.42070670287967,8.59325117138299,1,1.0856939081847141
1596,3,71.49024919318435,6.514727579823314,0,23.211163128438546
1597,3,88.63923549962446,7.021430817825983,1,3.6370941127547667
1598,1,87.69135779310034,8.366416605759213,0,13.104716389969017
1599,2,78.12272976420117,9.419467255889582,0,12.414511156345627
1600,1,88.40606712783384,8.09385542396613,0,0.0
1601,5,71.74708039169136,6.875242342098071,1,10.396097860993146
1602,2,75.07081725050747,9.066002544292513,0,14.690479496874657
1603,1,59.89783345433937,3.7120320155801787,0,14.125856289113162
1604,4,66.76048915780437,4.86664824773969,0,17.42112410282101
1605,5,98.07630805670686,8.022451335502584,3,9.675052110567396
1606,3,96.41428627722314,7.0211625343796875,0,16.275026652552963
1607,1,80.65788648648963,7.908270476686248,0,7.864025591519569
1608,5,96.62931447189837,7.096611283647913,0,3.5371955015233496
1609,5,78.39925513391695,7.856418541905809,2,4.213629745912605
1610,3,77.56589697432092,5.778395768510214,2,3.2273372688275117
1611,3,80.56510648465556,7.855729129119537,1,18.057515807347162
1612,3,78.75078404676435,8.491621792311378,1,2.9125589456486605
1613,1,77.8480367643982,8.830825905896848,0,13.64423304389582
1614,3,91.43398107149552,10.0,2,10.404454835565403
1615,4,81.50135653956202,7.36614766525358,0,11.38410855929621
1616,5,87.12481764433805,7.410866630270768,0,20.1816437711982
1617,3,90.3138052527733,4.715241303739228,0,9.369435796708359
1618,5,83.88185795654734,6.202882898292362,0,15.669609369298099
1619,2,70.29728674091761,6.710376888990081,1,12.22538010828667
1620,2,66.47134111035962,8.575479328414533,0,11.087886566203812
1621,3,81.48780634807305,6.083498313865556,2,25.79981474631884
1622,5,78.28743695175065,8.194510029623249,0,3.3519495257077825
1623,2,80.87391428920122,6.99756742455493,0,19.73479101262467
1624,3,79.83945960751414,6.734247827327857,0,15.938439392939832
1625,5,100.0,7.373340953699884,1,9.122850032209296
1626,3,66.69773744358662,6.413265441620736,1,21.775911104649673
1627,5,60.10053730178875,6.3564441278610015,0,0.9113393256687807
1628,2,83.32376833519609,4.442821141314829,0,8.86940005620557
1629,3,76.23577445411804,6.628068689008166,0,4.7491067743855435
1630,2,83.16067869729952,6.28004778077691,1,14.47250078922876
1631,3,85.83883022284002,6.226028515976381,3,5.321615392876934
1632,1,92.84104695178897,7.625309593885061,0,14.598383680447915
1633,2,64.92774179616062,7.987947929185765,1,10.881381505070676
1634,2,74.43282102142837,7.348291756963492,0,9.123876344063493
1635,4,84.28761258880763,8.493122785674212,0,14.331883476199863
1636,2,87.70463595687227,7.863342888745548,2,10.388270256371616
1637,5,100.0,6.557415715291537,0,5.4681909416457675
1638,3,89.55703971113867,6.30571557142843,0,28.80823793780987
1639,1,79.43211404113723,7.469233355150269,0,9.076996901825133
1640,5,71.09564247057338,7.860650664852852,0,0.0
1641,5,74.3571014728098,9.096766460547247,1,6.947407861671668
1642,5,74.07297177042894,8.786759567410144,1,4.396339869763619
1643,5,86.55233628513761,6.187790490239246,2,16.956873696243093
1644,1,82.5699744558583,6.846990579809107,0,13.929915957549516
1645,4,66.76350429157822,8.006526707376654,0,14.392276810742064
1646,2,75.64098530909567,8.601996667088457,0,9.779865204976534
1647,5,88.77547553451421,8.408454203057188,0,10.32389851765847
1648,2,83.51662354974059,6.90418325075298,3,9.77441337835399
1649,2,85.6864461601277,5.118966021357226,1,11.512840895187182
1650,5,83.82921710057263,5.501595435631613,0,17.012000612189013
1651,4,96.2643073460886,7.408950271479122,1,14.016452475032079
1652,2,82.3604306382437,7.513338369136518,1,15.000676977725199
1653,3,76.13977202129303,5.351980939848422,0,14.997353449495217
1654,2,70.8424495886644,7.066854416333907,1,17.306654624290427
1655,5,82.49609458209711,7.946836535457675,0,13.728900249241528
1656,1,55.59295985224916,5.273160013739284,0,14.153088436073514
1657,2,78.15710998167287,8.657495802706622,0,19.13283744715894
1658,4,77.94160140078657,6.433703277160262,0,8.009724491981327
1659,3,66.35529146382719,8.886419668864976,0,6.865544520290957
1660,3,70.71734161344004,6.19982133133615,0,4.884470404878865
1661,1,88.09657530148242,5.460061775673731,0,13.097487381721535
1662,1,82.30711749074962,6.312794515237421,1,0.8776065526852612
1663,2,81.01788333707327,6.85727781538402,3,14.772924576358065
1664,5,83.06347533932022,6.417280139842779,1,11.344841432996684
1665,4,80.92627587948924,6.67599786764033,0,18.80783819892634
1666,3,92.42862562858315,7.500947724514285,0,7.968496137210057
1667,1,81.23429181703649,6.743230945305401,0,10.780090287494959
1668,4,65.4178688618125,6.90083140907199,0,18.733219999760212
1669,5,96.3012996487441,4.436160401196106,0,20.298813880668916
1670,3,83.70340267328845,7.587547024015709,1,7.91908580548908
1671,3,74.10746269204932,6.866195053462498,1,13.090687395522961
1672,5,67.46598281704982,9.415439470724307,1,13.766513866104289
1673,3,83.95914220958045,5.590652249119063,0,14.24192043372689
1674,5,78.82827995025625,4.2875570072507285,0,10.424546044106267
1675,3,95.7414678603241,7.927102740895063,1,19.68830038874181
1676,2,76.54092719333173,7.5197905274695005,0,0.6617790982707277
1677,5,71.62619210317533,5.487350469203282,0,9.473218591193497
1678,4,88.95796218235928,4.705376567493863,0,14.687584396637682
1679,2,89.2528189271683,9.306095096026436,0,14.74334887169606
1680,4,81.68651367610195,9.121165585910173,0,20.116554183688578
1681,3,86.76357047674908,3.2688148619408057,1,19.18935235920772
1682,4,79.62312879257762,6.312665456115249,1,10.286750248156658
1683,2,82.33865101009248,9.496288082175848,0,19.799227461183627
1684,5,91.64990882563923,6.2859061633332,0,7.71574953733527
1685,1,86.25318334021503,6.264081648960021,1,17.585324296751025
1686,4,78.30725561667376,6.575861008555948,0,22.86313487052596
1687,1,93.52362545926151,5.318654539347762,0,19.289664641129814
1688,4,56.35144627208488,4.442836383657934,0,12.63462230114474
1689,4,100.0,8.578820966102123,0,10.009327369367266
1690,5,62.940409051092644,4.235594640628486,1,2.828452222444282
1691,3,73.72907175227704,7.370907178163134,1,13.863237827485225
1692,2,79.5908246480493,8.329869239136475,0,5.308696632174485
1693,2,78.53519329271839,4.823160551648263,0,7.241192018316379
1694,2,90.06411040026555,5.613597396107393,0,4.85552519557997
1695,3,69.42163381389766,8.819768782587385,0,9.23764600406007
1696,1,82.60766817483064,7.79933758034056,3,11.832183513078107
1697,2,74.21787901780246,6.074071439681669,1,13.64168748699423
1698,1,82.95140979337417,8.803373505041757,0,8.396960187516221
1699,3,79.35227740202123,8.809803585181454,1,18.4157022383711
1700,3,80.92935652682978,7.403579039523561,1,10.750768452060203
1701,5,74.50075167535654,5.649759658189506,1,7.273665400406885
1702,2,74.89936049903918,6.379826944792307,0,13.357753603460619
1703,5,82.87272514027427,7.429580115933085,0,23.781317001262895
1704,2,89.43715505756045,6.717107756278768,1,14.010963399210707
1705,3,74.01720665802152,8.408435767352277,0,9.822866235758358
1706,3,71.3123245542709,4.705338879835995,3,2.8352318632877758
1707,4,86.13460165671837,4.758604706400642,1,10.683526074167577
1708,4,79.6749610694231,7.271306667223649,2,13.409568750528694
1709,3,88.30498133985952,6.262683379289643,0,9.67451465246658
1710,3,70.94202786628853,6.059427077953389,1,2.0076921705540016
1711,1,62.205610745765696,4.347914921238404,0,6.896607662979397
1712,1,74.66995918173666,7.029318767197273,3,20.727230765326546
1713,5,72.33647390734984,6.9208673379988515,0,20.604006022382766
1714,4,79.212115999197,7.980218472927611,0,6.680164984772412
1715,4,73.6315478572961,7.103359199681458,1,16.03654072319653
1716,3,87.4101695133645,6.801093882639255,0,4.928563291378958
1717,3,77.11849737577484,8.765500955185505,0,20.425897691969716
1718,5,81.50474498773902,5.0312990448271755,3,13.471415087365418
1719,4,81.57634558440944,7.804583828271364,0,17.697848991699203
1720,1,81.94955092412188,4.4932792528069765,1,1.709439916904767
1721,2,79.75870889545027,5.742457179998788,0,16.06582261154933
1722,5,85.10600690410314,5.181014301065029,1,11.95395561789298
1723,2,72.04344866174192,8.172913803177877,1,17.111574424745054
1724,1,93.99417926653884,6.901884649606909,0,17.489206788587097
1725,1,77.63462616631465,6.9797451331105345,0,12.394708136848497
1726,2,66.88450862101318,5.339900518405823,0,8.395022165424512
1727,5,81.88073356991774,6.5504597561006666,0,16.678177093076968
1728,2,71.48819517552515,5.854802045036332,0,11.639073003569234
1729,5,86.65334534508875,7.575182522281324,1,6.763290278834145
1730,5,100.0,5.513363297002579,0,6.479086611253885
1731,3,72.1342790844215,8.994691547807614,0,3.1370135021257113
1732,4,83.32372333223985,4.486629325563858,1,8.938253042621621
1733,4,62.44494411295372,5.790220251315158,0,18.61615227644627
1734,1,84.53905229441347,9.515800764949145,0,13.066978798232606
1735,3,71.1428620020031,6.347291878056948,0,8.821393764461757
1736,4,73.75165381565517,5.027682003393382,0,16.82913562908048
1737,5,68.98713510160172,7.328607343806503,1,7.005140269659668
1738,5,87.32151226054735,6.2869116366781865,1,12.572101645996671
1739,2,90.07304357473262,5.7461946165725415,0,10.922217763646907
1740,2,80.23385214658508,5.356193783801924,0,16.674783753530114
1741,5,71.3557329466428,10.0,0,2.5366297744829964
1742,5,95.89523036103863,6.622672149723796,0,6.8988135251120655
1743,2,72.49589872245343,4.111648959500684,2,2.1705260454327977
1744,4,58.37967700072561,9.240564638508301,0,10.44241966914438
1745,1,84.58389009957068,7.916606357665856,0,19.268565021794583
1746,2,68.95225326358484,5.850300353470319,0,8.967316742078836
1747,4,89.88608793499175,5.600321366970787,1,8.935896370826097
1748,4,76.18862303326581,8.010209194237346,1,17.23034654510482
1749,4,86.03713240544197,6.629622508765818,1,18.4112973507318
1750,3,94.01500346552157,4.111033272332348,1,11.46857359638726
1751,3,67.91141135379279,9.680859946907002,0,16.108289124299354
1752,4,74.34062869107595,6.3490143066760645,0,5.538272754732322
1753,5,79.24328927342937,9.24335760472364,0,20.267846003552485
1754,3,95.37551319034344,8.917652436948572,1,24.892237763622308
1755,2,73.41617282059555,5.498485683275779,1,15.12729474713235
1756,3,74.05496304050993,8.549784796544722,0,0.0
1757,5,84.78140575555808,6.022836175204478,1,8.650618425613295
1758,1,74.22771274289428,4.199949119794088,1,15.676951930015928
1759,3,81.52525882897616,6.363102750966786,1,9.471102017001822
1760,4,64.48462579031873,7.596456252664418,0,19.633191325500583
1761,4,100.0,6.3058950280054935,1,15.528943586615192
1762,4,66.52290769690596,6.539427488612348,0,7.761146995405221
1763,1,76.78247296009792,8.71534906739292,1,12.193588864627516
1764,5,79.67518964157905,7.159740970435138,2,6.637000676165459
1765,2,99.12688134356796,5.7350525330725715,0,10.90449072952535
1766,5,66.7515421906726,8.05304548550099,1,8.67244055740469
1767,1,99.83704135478752,7.2965133504313675,1,19.048570801398228
1768,4,87.57176821102023,3.217592797806936,0,24.69607234098597
1769,5,84.17095324423246,7.642529370657173,0,3.412870000585489
1770,2,70.15366312982044,7.587743061574153,0,0.4607022827414866
1771,4,85.71141242038074,7.03018169437129,2,10.528965468891686
1772,2,72.765133775802,8.337550871604362,1,2.8895058070279056
1773,3,92.66661253198413,5.991409623510247,0,12.277269622025504
1774,2,70.28937970892267,7.504749683231351,0,16.493616682835558
1775,4,78.86841505543916,4.649560943248971,0,20.96485138360095
1776,3,74.44726911986828,7.6106355750982475,0,13.208367352291686
1777,4,70.12477037573005,9.929589543309845,0,10.841068650902526
1778,4,87.41319816907914,5.507715471298688,0,0.12969050056149456
1779,3,85.35458747409633,5.860296802018337,0,12.15711089511479
1780,2,92.09010198900997,5.934976835662671,0,12.42772356329677
1781,1,62.20124891791833,7.194997338702393,1,15.833740885276471
1782,1,90.64170702341043,5.405445590719423,2,7.749071390825453
1783,1,100.0,7.63187106803647,1,9.389684398584842
1784,1,75.48358910823053,8.270259918203747,1,3.131986468174894
1785,5,98.9514861210897,7.801520820180676,0,0.0
1786,1,77.36838727940173,4.347376861542891,0,5.3490174552193
1787,3,66.27590262438693,8.49275149773791,0,2.5780451144819008
1788,1,76.94367557593205,8.40605112138052,1,14.020273772523668
1789,4,90.48203967675276,8.245242058519457,2,8.891195659998857
1790,1,71.61823517668469,7.559263372983738,1,8.770577219551265
1791,2,73.99661340993512,7.330283971307699,1,6.0935217229487275
1792,3,85.93539432293191,8.548584097189595,1,0.0
1793,3,80.03060116738573,9.885270231405181,0,21.049864492485302
1794,5,85.84622952486741,5.570439304952725,0,5.998376863339271
1795,4,82.37829540758335,8.617188093692157,0,9.525479580900559
1796,3,84.79625319551573,6.870674352988821,0,3.2706470082641363
1797,2,75.67698814190459,6.805490421957099,1,17.831582060643804
1798,1,82.31730942030393,4.695203964426943,0,12.860573622223946
1799,3,70.72626994304066,6.572815885726907,0,7.041808288404789
1800,2,92.88433622503389,5.504102563047377,0,9.646622331935857
